Unnamed: 0,ID,Sex,Education,Married,Age_categorical,Balance_categorical,Location2,Default,Leaf
0,1,2,2,1,1,1,3,1,102
61,62,1,2,1,3,1,3,0,103
63,64,2,2,1,4,1,3,1,105
66,67,1,2,1,5,1,3,1,105
98,99,2,3,1,1,1,3,0,102
99,100,1,2,1,3,1,3,1,103
111,112,1,3,1,4,1,3,0,106
138,139,2,3,1,5,1,3,1,106
164,165,2,2,1,4,1,3,0,105
178,179,2,2,2,1,1,3,0,111
179,180,2,2,1,2,1,3,0,102
183,184,2,2,1,1,1,3,1,102
205,206,1,3,1,4,1,3,0,106
208,209,2,2,2,1,1,3,1,111
212,213,2,3,1,4,1,3,0,106
228,229,1,2,2,1,1,3,1,110
231,232,1,2,2,1,1,3,1,110
249,250,1,3,1,4,1,3,0,106
250,251,2,2,2,1,1,3,0,111
261,262,1,2,2,2,1,3,0,113
269,270,1,2,2,1,1,3,1,110
278,279,1,3,1,2,1,3,0,102
293,294,1,2,2,1,1,3,1,110
302,303,2,3,1,3,1,3,0,103
308,309,1,3,1,5,1,3,1,106
315,316,1,2,2,1,1,3,1,110
322,323,1,2,2,1,1,3,0,110
327,328,2,2,1,2,1,3,1,102
349,350,2,2,2,1,1,3,1,111
366,367,2,2,1,5,1,3,0,105
379,380,1,2,2,2,1,3,1,113
381,382,2,2,1,3,1,3,1,103
384,385,1,2,2,1,1,3,0,110
387,388,1,3,1,5,1,3,1,106
455,456,1,2,2,3,1,3,0,113
459,460,1,2,1,4,1,3,1,105
500,501,2,2,1,3,1,3,0,103
504,505,1,4,1,5,1,3,0,106
508,509,2,2,1,2,1,3,0,102
513,514,1,2,2,1,1,3,1,110
514,515,2,2,2,1,1,3,0,111
529,530,2,2,2,1,1,3,0,111
542,543,2,2,1,3,1,3,1,103
571,572,2,2,2,1,1,3,0,111
579,580,1,2,1,2,1,3,0,102
580,581,1,2,2,2,1,3,1,113
593,594,1,2,1,2,1,3,0,102
606,607,2,2,1,3,1,3,0,103
636,637,2,3,1,4,1,3,0,106
637,638,1,2,1,3,1,3,0,103
646,647,1,3,1,2,1,3,1,102
671,672,1,2,1,2,1,3,1,102
673,674,1,2,2,1,1,3,1,110
706,707,1,2,1,3,1,3,0,103
715,716,2,2,1,4,1,3,0,105
717,718,2,2,1,2,1,3,1,102
721,722,1,2,2,1,1,3,1,110
725,726,1,2,1,4,1,3,1,105
749,750,2,2,2,1,1,3,1,111
752,753,1,2,2,1,1,3,1,110
759,760,2,2,2,1,1,3,0,111
801,802,1,2,2,1,1,3,1,110
802,803,2,3,1,4,1,3,0,106
816,817,1,3,1,5,1,3,1,106
821,822,2,2,2,1,1,3,1,111
849,850,2,3,1,5,1,3,0,106
865,866,2,2,1,4,1,3,0,105
871,872,2,3,1,3,1,3,0,103
878,879,2,2,1,4,1,3,0,105
892,893,2,2,1,2,1,3,0,102
905,906,2,2,2,1,1,3,0,111
913,914,1,3,1,4,1,3,0,106
927,928,2,2,2,1,1,3,0,111
933,934,1,2,2,2,1,3,1,113
935,936,1,2,2,2,1,3,0,113
941,942,1,2,1,4,1,3,0,105
961,962,1,2,2,4,1,3,0,113
964,965,1,2,2,1,1,3,0,110
968,969,2,2,1,1,1,3,0,102
975,976,2,2,2,1,1,3,0,111
976,977,1,2,2,1,1,3,1,110
992,993,2,2,2,1,1,3,0,111
998,999,2,2,2,1,1,3,1,111
1013,1014,1,2,2,3,1,3,0,113
1055,1056,1,2,2,1,1,3,0,110
1058,1059,2,3,1,5,1,3,0,106
1059,1060,1,3,1,2,1,3,1,102
1064,1065,2,3,1,5,1,3,1,106
1094,1095,1,2,2,2,1,3,0,113
1101,1102,2,2,2,1,1,3,1,111
1114,1115,1,3,1,5,1,3,0,106
1129,1130,2,2,2,1,1,3,1,111
1133,1134,2,2,1,3,1,3,0,103
1137,1138,1,2,1,3,1,3,0,103
1149,1150,1,2,1,5,1,3,0,105
1154,1155,1,3,1,4,1,3,0,106
1164,1165,1,2,2,1,1,3,0,110
1171,1172,1,3,1,5,1,3,0,106
1178,1179,1,2,2,3,1,3,0,113
1186,1187,1,2,1,2,1,3,1,102
1206,1207,2,3,1,4,1,3,1,106
1219,1220,1,2,2,3,1,3,0,113
1220,1221,2,2,2,1,1,3,0,111
1224,1225,1,2,2,1,1,3,0,110
1235,1236,1,2,2,5,1,3,1,113
1236,1237,1,2,2,1,1,3,1,110
1241,1242,2,3,1,2,1,3,0,102
1288,1289,2,3,1,4,1,3,1,106
1291,1292,2,3,1,5,1,3,0,106
1299,1300,1,2,1,3,1,3,1,103
1304,1305,1,2,2,1,1,3,0,110
1339,1340,2,3,1,5,1,3,1,106
1355,1356,2,3,1,3,1,3,0,103
1357,1358,2,2,1,1,1,3,1,102
1365,1366,2,2,1,4,1,3,0,105
1380,1381,2,2,1,2,1,3,0,102
1384,1385,2,3,1,1,1,3,0,102
1389,1390,2,2,2,1,1,3,0,111
1402,1403,2,2,1,4,1,3,1,105
1431,1432,2,2,1,3,1,3,1,103
1449,1450,2,3,1,4,1,3,1,106
1455,1456,1,2,1,2,1,3,0,102
1512,1513,1,2,2,4,1,3,0,113
1532,1533,1,2,2,1,1,3,0,110
1616,1617,1,2,3,2,1,3,1,113
1625,1626,1,3,1,5,1,3,1,106
1627,1628,2,2,1,4,1,3,1,105
1644,1645,1,3,1,5,1,3,1,106
1661,1662,2,2,1,3,1,3,1,103
1675,1676,1,2,2,4,1,3,1,113
1689,1690,1,3,1,4,1,3,1,106
1694,1695,2,2,2,1,1,3,1,111
1696,1697,1,2,1,2,1,3,1,102
1715,1716,2,2,1,1,1,3,0,102
1719,1720,2,3,1,3,1,3,1,103
1726,1727,2,3,1,5,1,3,0,106
1729,1730,1,2,1,3,1,3,0,103
1739,1740,1,2,2,1,1,3,0,110
1751,1752,1,2,2,3,1,3,1,113
1754,1755,1,2,2,1,1,3,0,110
1769,1770,2,2,1,4,1,3,1,105
1775,1776,2,2,1,3,1,3,1,103
1777,1778,1,3,1,4,1,3,1,106
1867,1868,1,2,1,4,1,3,0,105
1869,1870,2,2,1,1,1,3,1,102
1899,1900,2,2,1,4,1,3,0,105
1919,1920,1,2,1,2,1,3,0,102
1922,1923,1,2,2,2,1,3,1,113
1963,1964,1,2,2,2,1,3,0,113
1971,1972,1,2,1,3,1,3,1,103
1986,1987,1,2,2,2,1,3,0,113
2016,2017,2,2,2,1,1,3,1,111
2019,2020,2,2,1,3,1,3,1,103
2028,2029,1,2,2,2,1,3,1,113
2029,2030,2,2,1,1,1,3,1,102
2050,2051,1,2,1,4,1,3,0,105
2087,2088,2,2,1,3,1,3,0,103
2096,2097,2,3,1,3,1,3,1,103
2102,2103,2,3,1,5,1,3,1,106
2113,2114,1,2,2,2,1,3,1,113
2114,2115,2,2,1,4,1,3,1,105
2147,2148,1,2,2,1,1,3,0,110
2158,2159,2,2,1,3,1,3,0,103
2186,2187,2,3,1,3,1,3,1,103
2195,2196,1,2,2,1,1,3,0,110
2199,2200,1,2,1,3,1,3,1,103
2209,2210,2,2,1,3,1,3,0,103
2218,2219,1,2,2,5,1,3,1,113
2220,2221,2,2,1,2,1,3,1,102
2236,2237,1,2,2,1,1,3,0,110
2256,2257,2,2,2,1,1,3,1,111
2265,2266,2,2,2,1,1,3,1,111
2270,2271,2,2,2,1,1,3,0,111
2278,2279,2,3,1,3,1,3,1,103
2284,2285,2,3,1,4,1,3,1,106
2292,2293,2,3,1,4,1,3,1,106
2320,2321,1,2,1,1,1,3,0,102
2321,2322,2,2,1,3,1,3,0,103
2343,2344,1,4,1,2,1,3,0,102
2352,2353,1,2,1,2,1,3,1,102
2371,2372,2,2,2,1,1,3,0,111
2374,2375,2,2,2,1,1,3,1,111
2375,2376,1,2,1,3,1,3,1,103
2378,2379,1,2,2,2,1,3,1,113
2414,2415,1,2,1,3,1,3,1,103
2415,2416,2,2,2,1,1,3,0,111
2421,2422,2,2,1,1,1,3,1,102
2425,2426,1,2,2,1,1,3,0,110
2437,2438,1,2,2,1,1,3,1,110
2450,2451,2,3,1,4,1,3,1,106
2461,2462,2,2,2,1,1,3,1,111
2480,2481,1,2,2,1,1,3,1,110
2498,2499,1,3,1,3,1,3,1,103
2507,2508,1,2,2,4,1,3,1,113
2522,2523,1,2,2,2,1,3,0,113
2530,2531,1,2,2,1,1,3,1,110
2544,2545,1,2,2,1,1,3,1,110
2563,2564,2,2,1,2,1,3,0,102
2577,2578,1,2,1,1,1,3,0,102
2608,2609,2,2,1,1,1,3,1,102
2613,2614,1,2,1,3,1,3,0,103
2617,2618,2,2,1,2,1,3,1,102
2631,2632,2,3,1,5,1,3,0,106
2633,2634,1,2,1,2,1,3,1,102
2640,2641,2,3,1,2,1,3,1,102
2641,2642,2,3,1,3,1,3,1,103
2645,2646,1,2,2,3,1,3,0,113
2665,2666,2,2,2,1,1,3,0,111
2669,2670,1,4,1,4,1,3,1,106
2674,2675,2,3,1,3,1,3,0,103
2690,2691,1,2,1,4,1,3,0,105
2699,2700,1,2,1,3,1,3,0,103
2706,2707,1,2,1,4,1,3,1,105
2725,2726,2,2,2,1,1,3,0,111
2746,2747,2,2,1,2,1,3,1,102
2757,2758,1,2,2,3,1,3,0,113
2763,2764,2,2,1,1,1,3,0,102
2767,2768,2,2,2,1,1,3,1,111
2786,2787,1,3,1,2,1,3,0,102
2798,2799,2,2,1,3,1,3,0,103
2802,2803,1,2,1,4,1,3,1,105
2813,2814,1,2,2,1,1,3,0,110
2820,2821,1,2,1,3,1,3,0,103
2821,2822,2,3,1,5,1,3,1,106
2823,2824,2,3,1,5,1,3,1,106
2825,2826,2,2,1,2,1,3,1,102
2828,2829,2,2,2,1,1,3,1,111
2851,2852,2,2,1,3,1,3,1,103
2854,2855,2,2,2,1,1,3,1,111
2856,2857,1,2,2,2,1,3,0,113
2864,2865,2,2,1,4,1,3,0,105
2893,2894,2,2,3,1,1,3,0,111
2910,2911,1,2,2,3,1,3,0,113
2920,2921,1,3,1,5,1,3,0,106
2926,2927,2,2,1,2,1,3,1,102
2937,2938,2,3,1,2,1,3,0,102
2943,2944,1,2,2,1,1,3,0,110
2949,2950,2,2,1,4,1,3,0,105
2950,2951,1,2,1,3,1,3,0,103
2995,2996,2,2,1,2,1,3,1,102
2998,2999,2,2,1,3,1,3,1,103
3002,3003,1,3,1,4,1,3,1,106
3020,3021,1,3,1,4,1,3,1,106
3058,3059,1,2,1,3,1,3,0,103
3111,3112,1,3,1,4,1,3,0,106
3124,3125,2,2,1,3,1,3,0,103
3132,3133,1,2,1,5,1,3,1,105
3143,3144,2,2,1,3,1,3,1,103
3145,3146,1,2,2,2,1,3,0,113
3153,3154,2,2,2,1,1,3,1,111
3156,3157,2,2,1,2,1,3,1,102
3163,3164,2,2,1,3,1,3,0,103
3169,3170,2,3,1,4,1,3,0,106
3189,3190,2,2,2,1,1,3,0,111
3200,3201,2,2,1,1,1,3,1,102
3232,3233,2,3,1,5,1,3,0,106
3249,3250,1,2,2,4,1,3,0,113
3253,3254,1,3,1,4,1,3,1,106
3256,3257,2,2,2,1,1,3,1,111
3268,3269,2,2,1,2,1,3,0,102
3269,3270,2,2,1,4,1,3,0,105
3273,3274,1,2,2,2,1,3,0,113
3290,3291,2,2,2,1,1,3,1,111
3302,3303,1,2,2,1,1,3,1,110
3330,3331,1,2,2,2,1,3,0,113
3344,3345,2,3,1,2,1,3,1,102
3351,3352,2,2,2,1,1,3,0,111
3357,3358,2,3,1,1,1,3,1,102
3370,3371,1,2,2,3,1,3,1,113
3390,3391,1,2,2,4,1,3,1,113
3427,3428,1,2,2,4,1,3,0,113
3453,3454,1,2,1,2,1,3,0,102
3454,3455,2,2,1,4,1,3,0,105
3475,3476,1,2,2,2,1,3,0,113
3476,3477,1,2,2,3,1,3,1,113
3485,3486,2,3,1,3,1,3,1,103
3500,3501,2,3,1,5,1,3,1,106
3509,3510,2,2,2,1,1,3,1,111
3510,3511,1,2,2,1,1,3,0,110
3513,3514,2,2,1,3,1,3,0,103
3524,3525,1,2,1,3,1,3,0,103
3548,3549,2,2,1,3,1,3,1,103
3549,3550,1,2,1,2,1,3,0,102
3558,3559,2,2,2,1,1,3,0,111
3560,3561,1,3,1,5,1,3,1,106
3562,3563,2,2,1,3,1,3,1,103
3572,3573,2,2,1,1,1,3,0,102
3579,3580,2,3,1,5,1,3,0,106
3583,3584,1,3,1,5,1,3,1,106
3589,3590,2,2,2,1,1,3,1,111
3590,3591,1,2,1,4,1,3,0,105
3637,3638,1,2,1,2,1,3,1,102
3642,3643,1,2,1,2,1,3,0,102
3673,3674,1,3,1,4,1,3,1,106
3687,3688,2,2,2,1,1,3,1,111
3695,3696,2,2,1,4,1,3,0,105
3699,3700,2,2,1,2,1,3,0,102
3720,3721,2,2,1,4,1,3,1,105
3741,3742,1,2,1,4,1,3,0,105
3761,3762,1,3,1,5,1,3,0,106
3770,3771,1,2,2,5,1,3,0,113
3777,3778,1,2,2,1,1,3,0,110
3792,3793,1,3,1,4,1,3,0,106
3804,3805,1,2,2,1,1,3,1,110
3815,3816,1,2,2,1,1,3,1,110
3816,3817,1,2,2,2,1,3,1,113
3817,3818,1,2,1,4,1,3,0,105
3819,3820,2,2,2,1,1,3,1,111
3831,3832,1,2,2,2,1,3,0,113
3834,3835,2,3,1,1,1,3,1,102
3842,3843,1,2,2,1,1,3,0,110
3852,3853,1,3,1,4,1,3,1,106
3863,3864,1,2,2,3,1,3,1,113
3864,3865,2,2,2,1,1,3,0,111
3866,3867,2,3,1,3,1,3,1,103
3871,3872,1,2,2,1,1,3,1,110
3872,3873,1,3,1,4,1,3,0,106
3873,3874,1,3,1,5,1,3,1,106
3878,3879,1,2,1,1,1,3,1,102
3884,3885,1,2,2,1,1,3,1,110
3891,3892,2,3,1,4,1,3,0,106
3896,3897,2,4,1,4,1,3,0,106
3899,3900,2,2,1,1,1,3,0,102
3910,3911,2,2,1,2,1,3,1,102
3992,3993,1,2,2,1,1,3,1,110
3997,3998,1,2,2,1,1,3,0,110
4005,4006,2,3,1,3,1,3,0,103
4011,4012,1,2,2,4,1,3,0,113
4013,4014,2,2,2,1,1,3,1,111
4019,4020,2,2,1,1,1,3,1,102
4041,4042,1,2,2,3,1,3,0,113
4045,4046,1,2,2,1,1,3,0,110
4054,4055,1,2,2,1,1,3,0,110
4068,4069,1,2,1,4,1,3,1,105
4075,4076,2,2,1,2,1,3,1,102
4077,4078,1,2,2,2,1,3,1,113
4095,4096,1,2,2,4,1,3,0,113
4098,4099,2,2,1,4,1,3,1,105
4113,4114,2,3,1,1,1,3,0,102
4114,4115,1,2,1,3,1,3,0,103
4127,4128,1,3,1,2,1,3,1,102
4137,4138,1,2,2,1,1,3,0,110
4145,4146,2,2,1,4,1,3,1,105
4147,4148,1,3,1,1,1,3,1,102
4169,4170,1,2,3,4,1,3,1,113
4182,4183,1,2,2,2,1,3,0,113
4204,4205,2,2,2,1,1,3,0,111
4207,4208,2,3,1,3,1,3,0,103
4217,4218,1,2,2,2,1,3,1,113
4229,4230,2,2,1,4,1,3,1,105
4238,4239,2,2,1,2,1,3,0,102
4253,4254,1,2,1,5,1,3,0,105
4254,4255,2,2,1,1,1,3,0,102
4259,4260,1,2,2,3,1,3,1,113
4269,4270,1,2,1,3,1,3,1,103
4271,4272,1,2,2,1,1,3,0,110
4276,4277,1,2,2,2,1,3,0,113
4284,4285,2,3,1,4,1,3,1,106
4285,4286,1,2,1,2,1,3,1,102
4294,4295,1,2,2,1,1,3,1,110
4300,4301,1,3,1,5,1,3,1,106
4315,4316,2,2,2,1,1,3,0,111
4334,4335,2,3,1,5,1,3,0,106
4349,4350,1,2,1,5,1,3,0,105
4351,4352,2,2,1,1,1,3,1,102
4357,4358,2,2,1,4,1,3,0,105
4375,4376,1,3,1,2,1,3,1,102
4382,4383,2,2,1,5,1,3,1,105
4392,4393,1,2,2,2,1,3,0,113
4441,4442,1,2,1,4,1,3,0,105
4462,4463,1,2,1,1,1,3,0,102
4485,4486,1,2,2,1,1,3,0,110
4492,4493,1,2,2,1,1,3,1,110
4495,4496,1,3,1,5,1,3,0,106
4499,4500,2,2,2,1,1,3,0,111
4502,4503,2,2,1,1,1,3,1,102
4506,4507,2,4,1,1,1,3,0,102
4532,4533,1,2,1,2,1,3,0,102
4550,4551,1,3,1,5,1,3,1,106
4555,4556,1,3,1,4,1,3,1,106
4569,4570,2,2,1,4,1,3,1,105
4578,4579,2,2,2,1,1,3,1,111
4587,4588,1,2,2,1,1,3,0,110
4588,4589,1,2,1,4,1,3,1,105
4604,4605,1,2,1,2,1,3,0,102
4606,4607,2,2,1,2,1,3,1,102
4613,4614,1,2,2,3,1,3,0,113
4632,4633,2,2,1,2,1,3,0,102
4637,4638,1,2,2,2,1,3,0,113
4649,4650,2,2,2,1,1,3,0,111
4657,4658,2,2,1,4,1,3,0,105
4673,4674,1,2,2,1,1,3,1,110
4693,4694,2,3,1,2,1,3,1,102
4704,4705,1,2,2,4,1,3,1,113
4718,4719,1,2,2,2,1,3,1,113
4719,4720,1,2,2,1,1,3,0,110
4749,4750,1,2,1,5,1,3,0,105
4752,4753,1,3,1,5,1,3,1,106
4773,4774,1,2,2,1,1,3,0,110
4784,4785,1,2,2,3,1,3,1,113
4791,4792,1,2,1,3,1,3,1,103
4838,4839,2,2,2,1,1,3,1,111
4847,4848,1,3,1,5,1,3,0,106
4857,4858,2,3,1,2,1,3,1,102
4862,4863,2,2,1,2,1,3,1,102
4875,4876,2,3,1,3,1,3,0,103
4884,4885,1,2,2,2,1,3,1,113
4892,4893,2,2,1,4,1,3,0,105
4897,4898,2,2,1,3,1,3,0,103
4907,4908,2,2,1,4,1,3,0,105
4949,4950,1,2,2,5,1,3,0,113
4967,4968,2,2,2,1,1,3,1,111
4992,4993,1,2,1,3,1,3,1,103
5048,5049,1,2,2,2,1,3,1,113
5057,5058,1,2,2,4,1,3,0,113
5060,5061,1,2,1,5,1,3,1,105
5064,5065,1,2,1,5,1,3,1,105
5067,5068,2,3,1,3,1,3,1,103
5085,5086,1,2,1,4,1,3,1,105
5089,5090,2,2,1,5,1,3,0,105
5096,5097,2,3,1,4,1,3,1,106
5115,5116,1,2,2,2,1,3,0,113
5136,5137,1,2,1,2,1,3,1,102
5147,5148,2,2,2,1,1,3,1,111
5150,5151,1,2,1,3,1,3,1,103
5153,5154,1,2,2,1,1,3,0,110
5165,5166,1,3,1,5,1,3,0,106
5191,5192,1,2,1,3,1,3,1,103
5218,5219,2,2,1,2,1,3,1,102
5219,5220,2,2,1,4,1,3,1,105
5221,5222,2,2,1,1,1,3,1,102
5248,5249,2,2,1,2,1,3,1,102
5254,5255,1,2,2,2,1,3,1,113
5260,5261,2,2,2,1,1,3,1,111
5273,5274,2,2,1,3,1,3,1,103
5279,5280,2,3,1,5,1,3,0,106
5281,5282,1,2,2,5,1,3,1,113
5283,5284,2,2,1,3,1,3,0,103
5284,5285,1,2,1,3,1,3,1,103
5289,5290,2,2,1,4,1,3,0,105
5294,5295,1,2,2,1,1,3,1,110
5311,5312,1,2,1,4,1,3,0,105
5312,5313,2,2,2,1,1,3,0,111
5319,5320,2,3,1,5,1,3,0,106
5332,5333,2,2,1,1,1,3,0,102
5336,5337,1,2,2,2,1,3,0,113
5337,5338,2,2,1,2,1,3,1,102
5341,5342,2,3,1,4,1,3,0,106
5371,5372,1,3,1,3,1,3,1,103
5380,5381,1,2,2,1,1,3,0,110
5382,5383,2,2,1,3,1,3,0,103
5386,5387,2,3,1,4,1,3,1,106
5387,5388,1,2,2,1,1,3,1,110
5416,5417,1,2,1,3,1,3,0,103
5421,5422,2,3,1,3,1,3,0,103
5422,5423,1,2,2,1,1,3,1,110
5427,5428,2,3,1,4,1,3,0,106
5451,5452,2,2,1,2,1,3,0,102
5466,5467,1,2,1,3,1,3,1,103
5493,5494,1,2,1,1,1,3,0,102
5522,5523,2,2,2,1,1,3,0,111
5534,5535,1,2,2,2,1,3,1,113
5549,5550,1,2,2,1,1,3,0,110
5561,5562,1,2,1,2,1,3,1,102
5574,5575,2,2,2,1,1,3,1,111
5579,5580,2,3,1,5,1,3,1,106
5594,5595,2,2,2,1,1,3,0,111
5600,5601,2,2,1,1,1,3,1,102
5617,5618,2,2,2,1,1,3,0,111
5621,5622,1,2,1,4,1,3,0,105
5645,5646,2,2,1,5,1,3,1,105
5647,5648,2,2,2,1,1,3,1,111
5648,5649,1,3,1,2,1,3,0,102
5658,5659,2,2,1,3,1,3,1,103
5659,5660,2,2,1,1,1,3,0,102
5660,5661,1,2,2,1,1,3,0,110
5679,5680,2,3,1,5,1,3,0,106
5681,5682,2,2,1,1,1,3,1,102
5682,5683,2,2,1,1,1,3,1,102
5711,5712,2,2,1,3,1,3,0,103
5723,5724,2,2,2,1,1,3,0,111
5734,5735,1,2,1,3,1,3,1,103
5760,5761,2,2,1,3,1,3,0,103
5763,5764,1,2,1,2,1,3,0,102
5785,5786,1,2,2,1,1,3,1,110
5819,5820,2,2,2,1,1,3,1,111
5826,5827,2,2,2,1,1,3,1,111
5833,5834,2,2,1,1,1,3,0,102
5837,5838,1,2,2,1,1,3,1,110
5843,5844,1,2,2,3,1,3,0,113
5845,5846,2,2,1,5,1,3,0,105
5864,5865,2,3,1,3,1,3,1,103
5883,5884,2,2,1,1,1,3,1,102
5900,5901,1,2,1,5,1,3,1,105
5903,5904,2,2,1,4,1,3,0,105
5906,5907,2,2,1,4,1,3,0,105
5907,5908,1,2,3,3,1,3,0,113
5933,5934,2,3,1,3,1,3,0,103
5946,5947,2,2,2,1,1,3,1,111
5949,5950,2,2,1,3,1,3,1,103
5971,5972,1,2,1,2,1,3,1,102
5975,5976,2,2,2,1,1,3,0,111
6015,6016,2,2,1,4,1,3,1,105
6017,6018,1,2,1,4,1,3,1,105
6040,6041,2,2,2,1,1,3,1,111
6065,6066,2,3,1,5,1,3,0,106
6082,6083,2,2,1,3,1,3,0,103
6099,6100,2,2,1,2,1,3,0,102
6125,6126,2,3,1,4,1,3,0,106
6137,6138,2,2,2,1,1,3,1,111
6138,6139,2,3,1,3,1,3,1,103
6156,6157,1,2,1,3,1,3,1,103
6166,6167,2,2,1,1,1,3,1,102
6171,6172,2,2,1,4,1,3,0,105
6175,6176,1,2,2,1,1,3,0,110
6188,6189,1,2,2,1,1,3,0,110
6195,6196,1,2,2,3,1,3,0,113
6197,6198,2,2,2,1,1,3,0,111
6249,6250,1,2,1,3,1,3,0,103
6299,6300,2,2,2,1,1,3,0,111
6318,6319,1,2,2,1,1,3,1,110
6320,6321,1,2,2,5,1,3,1,113
6334,6335,2,2,1,2,1,3,1,102
6340,6341,2,2,2,1,1,3,0,111
6346,6347,2,2,1,2,1,3,0,102
6379,6380,2,2,1,1,1,3,1,102
6386,6387,1,2,2,2,1,3,1,113
6399,6400,1,3,1,2,1,3,1,102
6409,6410,1,2,2,4,1,3,0,113
6430,6431,1,2,2,2,1,3,0,113
6436,6437,1,2,2,1,1,3,0,110
6453,6454,2,2,1,1,1,3,0,102
6486,6487,2,3,1,4,1,3,1,106
6492,6493,2,2,1,3,1,3,1,103
6495,6496,2,4,1,2,1,3,0,102
6500,6501,1,3,1,4,1,3,1,106
6524,6525,1,2,1,2,1,3,0,102
6529,6530,2,2,2,1,1,3,0,111
6569,6570,1,2,2,4,1,3,1,113
6575,6576,2,2,2,1,1,3,1,111
6579,6580,2,2,2,1,1,3,1,111
6607,6608,2,2,2,1,1,3,0,111
6621,6622,2,2,1,3,1,3,1,103
6639,6640,1,3,1,5,1,3,1,106
6645,6646,2,2,1,4,1,3,1,105
6667,6668,1,2,2,3,1,3,0,113
6668,6669,1,3,1,5,1,3,0,106
6678,6679,2,2,1,3,1,3,1,103
6682,6683,1,2,1,3,1,3,1,103
6689,6690,2,2,1,2,1,3,0,102
6699,6700,1,2,2,4,1,3,0,113
6701,6702,2,2,1,4,1,3,0,105
6707,6708,2,2,2,1,1,3,0,111
6715,6716,2,2,2,1,1,3,0,111
6743,6744,2,2,1,3,1,3,0,103
6748,6749,1,3,1,4,1,3,1,106
6750,6751,2,3,1,4,1,3,1,106
6752,6753,2,3,1,4,1,3,1,106
6753,6754,2,2,1,4,1,3,1,105
6760,6761,2,2,2,1,1,3,0,111
6792,6793,1,2,1,3,1,3,0,103
6799,6800,1,2,2,1,1,3,1,110
6828,6829,1,2,2,1,1,3,1,110
6842,6843,1,2,2,1,1,3,0,110
6851,6852,2,2,1,1,1,3,1,102
6867,6868,1,2,2,2,1,3,0,113
6875,6876,2,2,2,1,1,3,1,111
6896,6897,1,2,2,2,1,3,1,113
6942,6943,1,2,2,1,1,3,1,110
6945,6946,1,2,2,1,1,3,1,110
6949,6950,2,2,1,3,1,3,1,103
6951,6952,2,2,2,1,1,3,1,111
6973,6974,1,2,2,1,1,3,0,110
6981,6982,2,2,1,3,1,3,1,103
6999,7000,2,3,1,5,1,3,1,106
7009,7010,1,2,1,5,1,3,0,105
7019,7020,2,2,2,1,1,3,0,111
7041,7042,1,2,1,5,1,3,0,105
7049,7050,2,2,1,2,1,3,0,102
7053,7054,2,3,1,4,1,3,1,106
7064,7065,2,2,2,1,1,3,1,111
7091,7092,2,2,2,1,1,3,1,111
7095,7096,2,2,2,1,1,3,0,111
7154,7155,2,3,1,1,1,3,1,102
7168,7169,1,2,2,2,1,3,1,113
7172,7173,2,3,1,2,1,3,0,102
7215,7216,2,2,1,5,1,3,1,105
7216,7217,2,3,1,4,1,3,1,106
7217,7218,2,3,1,4,1,3,1,106
7237,7238,2,2,1,2,1,3,1,102
7251,7252,1,2,2,3,1,3,0,113
7264,7265,1,2,2,1,1,3,1,110
7276,7277,2,3,1,2,1,3,0,102
7305,7306,1,2,3,5,1,3,0,113
7306,7307,2,2,1,2,1,3,0,102
7334,7335,2,3,1,5,1,3,0,106
7338,7339,1,2,1,3,1,3,1,103
7348,7349,1,2,1,4,1,3,0,105
7349,7350,1,2,2,3,1,3,1,113
7354,7355,1,2,2,1,1,3,0,110
7381,7382,2,2,1,3,1,3,1,103
7394,7395,2,3,1,2,1,3,1,102
7406,7407,1,2,1,3,1,3,1,103
7408,7409,2,3,1,3,1,3,1,103
7409,7410,1,2,1,4,1,3,0,105
7414,7415,2,2,2,1,1,3,1,111
7476,7477,2,2,1,3,1,3,1,103
7484,7485,1,2,2,2,1,3,1,113
7485,7486,2,2,1,1,1,3,1,102
7490,7491,1,2,1,3,1,3,1,103
7491,7492,1,2,1,2,1,3,0,102
7492,7493,2,3,1,3,1,3,0,103
7499,7500,2,2,1,2,1,3,0,102
7502,7503,2,2,1,2,1,3,0,102
7505,7506,2,2,1,3,1,3,1,103
7550,7551,1,2,2,4,1,3,0,113
7553,7554,2,2,1,3,1,3,0,103
7568,7569,1,2,2,2,1,3,1,113
7569,7570,2,2,2,1,1,3,0,111
7572,7573,1,2,1,3,1,3,0,103
7576,7577,1,2,2,2,1,3,1,113
7592,7593,2,2,2,1,1,3,0,111
7611,7612,1,3,1,5,1,3,0,106
7617,7618,2,2,2,1,1,3,1,111
7642,7643,1,2,2,2,1,3,0,113
7661,7662,1,2,2,4,1,3,1,113
7666,7667,1,2,2,4,1,3,1,113
7677,7678,2,3,1,1,1,3,0,102
7688,7689,1,2,2,4,1,3,1,113
7732,7733,1,2,2,1,1,3,1,110
7734,7735,2,2,1,5,1,3,1,105
7741,7742,1,2,2,1,1,3,1,110
7743,7744,2,2,1,3,1,3,1,103
7760,7761,1,3,1,3,1,3,1,103
7768,7769,2,2,1,1,1,3,1,102
7773,7774,2,3,1,4,1,3,0,106
7782,7783,1,2,2,1,1,3,1,110
7792,7793,2,2,1,1,1,3,1,102
7798,7799,1,2,1,1,1,3,0,102
7799,7800,2,2,2,1,1,3,0,111
7817,7818,1,2,2,1,1,3,0,110
7823,7824,1,2,2,4,1,3,0,113
7839,7840,2,2,2,1,1,3,0,111
7860,7861,1,2,2,1,1,3,1,110
7876,7877,2,2,2,1,1,3,1,111
7899,7900,2,3,1,5,1,3,0,106
7901,7902,2,2,1,2,1,3,1,102
7902,7903,2,2,1,3,1,3,1,103
7921,7922,1,2,1,1,1,3,1,102
7925,7926,1,2,2,3,1,3,1,113
7935,7936,2,2,2,1,1,3,0,111
7941,7942,2,2,1,3,1,3,0,103
7945,7946,2,2,1,3,1,3,1,103
7946,7947,2,2,1,4,1,3,1,105
7959,7960,2,2,1,5,1,3,0,105
7961,7962,1,2,2,1,1,3,1,110
7968,7969,1,3,1,4,1,3,1,106
7969,7970,2,3,1,5,1,3,0,106
7987,7988,2,2,2,1,1,3,1,111
7991,7992,2,3,1,3,1,3,0,103
8020,8021,2,2,1,4,1,3,1,105
8048,8049,1,2,2,3,1,3,1,113
8064,8065,2,2,1,5,1,3,0,105
8065,8066,2,2,1,4,1,3,0,105
8082,8083,1,3,1,5,1,3,1,106
8134,8135,2,3,1,2,1,3,1,102
8140,8141,1,2,2,2,1,3,0,113
8154,8155,1,2,2,2,1,3,0,113
8167,8168,1,2,1,3,1,3,0,103
8174,8175,1,2,2,1,1,3,1,110
8177,8178,2,2,1,2,1,3,1,102
8192,8193,1,2,2,4,1,3,0,113
8216,8217,1,2,2,2,1,3,1,113
8219,8220,1,2,2,5,1,3,1,113
8221,8222,1,2,1,4,1,3,1,105
8230,8231,2,3,1,4,1,3,1,106
8259,8260,2,2,2,1,1,3,1,111
8288,8289,2,2,1,3,1,3,1,103
8298,8299,2,2,1,1,1,3,1,102
8299,8300,2,2,2,1,1,3,0,111
8319,8320,1,2,1,3,1,3,1,103
8348,8349,2,2,1,5,1,3,1,105
8362,8363,2,3,1,5,1,3,1,106
8365,8366,2,2,1,3,1,3,0,103
8368,8369,1,2,2,1,1,3,1,110
8370,8371,1,2,2,5,1,3,1,113
8389,8390,1,2,2,1,1,3,0,110
8394,8395,2,2,2,1,1,3,0,111
8408,8409,1,3,1,2,1,3,1,102
8445,8446,1,2,1,3,1,3,0,103
8452,8453,1,2,1,4,1,3,1,105
8470,8471,2,2,2,1,1,3,1,111
8498,8499,1,2,2,2,1,3,0,113
8505,8506,2,2,1,2,1,3,0,102
8508,8509,1,2,2,1,1,3,1,110
8516,8517,2,2,2,1,1,3,0,111
8523,8524,1,2,2,1,1,3,1,110
8530,8531,2,2,2,1,1,3,0,111
8552,8553,2,3,1,2,1,3,0,102
8563,8564,1,3,1,5,1,3,1,106
8591,8592,1,2,2,1,1,3,0,110
8595,8596,1,2,1,3,1,3,0,103
8598,8599,2,2,2,1,1,3,1,111
8604,8605,1,2,2,1,1,3,0,110
8635,8636,1,2,2,1,1,3,1,110
8651,8652,1,2,1,3,1,3,0,103
8685,8686,2,2,2,1,1,3,0,111
8688,8689,1,2,2,1,1,3,0,110
8692,8693,2,2,1,4,1,3,0,105
8699,8700,1,3,1,3,1,3,0,103
8713,8714,2,3,1,2,1,3,1,102
8714,8715,1,2,2,5,1,3,0,113
8766,8767,2,2,2,1,1,3,0,111
8768,8769,1,2,2,1,1,3,1,110
8788,8789,2,2,1,1,1,3,1,102
8797,8798,1,2,1,3,1,3,1,103
8800,8801,1,3,1,5,1,3,1,106
8802,8803,1,2,1,4,1,3,0,105
8803,8804,1,2,2,2,1,3,0,113
8811,8812,2,3,1,4,1,3,1,106
8815,8816,1,2,2,1,1,3,1,110
8821,8822,2,2,2,1,1,3,1,111
8830,8831,1,2,1,2,1,3,0,102
8831,8832,1,2,1,3,1,3,1,103
8856,8857,2,3,1,5,1,3,1,106
8862,8863,2,2,2,1,1,3,0,111
8876,8877,2,2,1,3,1,3,0,103
8877,8878,1,3,1,3,1,3,1,103
8898,8899,2,2,1,1,1,3,1,102
8905,8906,1,2,2,1,1,3,0,110
8913,8914,2,2,1,4,1,3,0,105
8925,8926,1,3,1,5,1,3,1,106
8929,8930,1,2,2,2,1,3,1,113
8948,8949,2,2,1,2,1,3,1,102
8949,8950,2,2,1,3,1,3,0,103
8955,8956,1,2,2,4,1,3,0,113
8965,8966,2,2,1,2,1,3,1,102
8981,8982,1,2,2,4,1,3,0,113
8984,8985,2,2,1,2,1,3,1,102
8997,8998,1,2,2,2,1,3,0,113
9002,9003,1,2,1,3,1,3,1,103
9003,9004,2,2,1,1,1,3,0,102
9014,9015,1,3,1,5,1,3,0,106
9023,9024,1,2,2,1,1,3,1,110
9040,9041,1,3,1,5,1,3,1,106
9063,9064,2,2,1,1,1,3,0,102
9074,9075,2,3,1,2,1,3,0,102
9078,9079,2,2,1,5,1,3,1,105
9093,9094,2,2,1,2,1,3,1,102
9100,9101,1,2,2,3,1,3,1,113
9101,9102,2,2,2,1,1,3,0,111
9112,9113,2,2,2,1,1,3,0,111
9115,9116,2,2,2,1,1,3,0,111
9130,9131,2,2,1,1,1,3,1,102
9142,9143,2,2,1,2,1,3,1,102
9143,9144,2,2,1,2,1,3,0,102
9146,9147,2,3,1,2,1,3,1,102
9158,9159,1,2,2,2,1,3,0,113
9166,9167,1,2,2,1,1,3,1,110
9189,9190,2,3,1,2,1,3,1,102
9190,9191,2,2,1,1,1,3,1,102
9197,9198,1,2,2,1,1,3,1,110
9201,9202,1,2,2,2,1,3,0,113
9208,9209,2,2,1,3,1,3,0,103
9214,9215,1,2,1,4,1,3,1,105
9224,9225,1,2,2,4,1,3,0,113
9251,9252,1,2,1,3,1,3,0,103
9256,9257,2,3,1,1,1,3,1,102
9258,9259,2,2,2,1,1,3,0,111
9281,9282,2,2,2,1,1,3,0,111
9285,9286,1,2,2,1,1,3,0,110
9295,9296,1,2,2,2,1,3,1,113
9322,9323,2,2,2,1,1,3,0,111
9328,9329,1,2,2,2,1,3,1,113
9339,9340,2,2,1,1,1,3,1,102
9340,9341,2,2,1,4,1,3,1,105
9346,9347,2,2,2,1,1,3,1,111
9365,9366,1,2,2,2,1,3,0,113
9375,9376,1,2,2,2,1,3,1,113
9391,9392,1,2,2,1,1,3,1,110
9392,9393,1,2,2,2,1,3,0,113
9400,9401,1,2,1,2,1,3,1,102
9449,9450,1,2,2,2,1,3,1,113
9451,9452,1,2,1,4,1,3,1,105
9460,9461,2,2,2,1,1,3,1,111
9462,9463,1,2,1,3,1,3,1,103
9469,9470,2,2,2,1,1,3,0,111
9490,9491,2,2,1,1,1,3,0,102
9517,9518,1,2,2,1,1,3,1,110
9533,9534,1,2,2,3,1,3,1,113
9540,9541,2,3,1,4,1,3,0,106
9553,9554,2,2,1,5,1,3,0,105
9559,9560,2,2,2,1,1,3,1,111
9566,9567,1,3,1,5,1,3,1,106
9568,9569,1,2,2,1,1,3,1,110
9587,9588,1,2,2,3,1,3,0,113
9596,9597,1,2,2,3,1,3,0,113
9615,9616,1,2,2,2,1,3,0,113
9632,9633,1,3,1,3,1,3,1,103
9637,9638,2,2,2,1,1,3,0,111
9649,9650,1,2,2,2,1,3,0,113
9660,9661,2,3,1,2,1,3,1,102
9664,9665,1,2,2,1,1,3,1,110
9696,9697,1,2,1,2,1,3,1,102
9702,9703,2,2,1,2,1,3,0,102
9712,9713,2,2,2,1,1,3,0,111
9718,9719,2,2,1,2,1,3,1,102
9721,9722,1,2,2,1,1,3,1,110
9785,9786,2,2,2,1,1,3,1,111
9794,9795,2,2,2,1,1,3,0,111
9821,9822,2,2,1,1,1,3,0,102
9823,9824,2,3,1,4,1,3,1,106
9842,9843,1,2,2,1,1,3,1,110
9857,9858,1,3,1,4,1,3,1,106
9868,9869,2,2,1,3,1,3,0,103
9902,9903,2,2,2,1,1,3,1,111
9932,9933,1,2,2,1,1,3,1,110
9934,9935,2,2,1,1,1,3,1,102
9936,9937,1,3,1,4,1,3,0,106
9941,9942,2,2,2,1,1,3,0,111
9946,9947,2,2,2,1,1,3,1,111
9949,9950,2,2,2,1,1,3,0,111
9957,9958,2,2,1,2,1,3,1,102
9970,9971,1,2,2,2,1,3,1,113
9991,9992,2,2,1,4,1,3,1,105
9998,9999,2,2,2,1,1,3,1,111
10025,10026,2,2,2,1,1,3,1,111
10043,10044,1,2,1,4,1,3,0,105
10049,10050,1,2,2,2,1,3,0,113
10058,10059,2,2,2,1,1,3,0,111
10061,10062,2,3,1,5,1,3,0,106
10064,10065,1,2,2,2,1,3,1,113
10066,10067,2,2,1,2,1,3,0,102
10095,10096,2,2,2,1,1,3,0,111
10102,10103,2,2,1,3,1,3,1,103
10108,10109,1,2,1,1,1,3,0,102
10121,10122,2,2,2,1,1,3,0,111
10132,10133,1,2,2,2,1,3,0,113
10136,10137,2,2,2,1,1,3,0,111
10180,10181,2,2,2,1,1,3,1,111
10194,10195,1,3,1,4,1,3,1,106
10207,10208,1,2,2,1,1,3,0,110
10215,10216,1,3,1,5,1,3,0,106
10216,10217,2,3,1,4,1,3,1,106
10218,10219,2,2,1,4,1,3,0,105
10232,10233,1,2,2,1,1,3,1,110
10244,10245,1,3,1,3,1,3,0,103
10261,10262,2,2,2,1,1,3,0,111
10270,10271,1,2,2,4,1,3,0,113
10277,10278,2,3,1,2,1,3,0,102
10278,10279,1,2,2,2,1,3,1,113
10290,10291,2,2,1,4,1,3,0,105
10299,10300,1,2,1,4,1,3,0,105
10309,10310,1,2,2,3,1,3,1,113
10314,10315,1,3,1,4,1,3,1,106
10325,10326,2,2,1,1,1,3,1,102
10334,10335,2,2,2,1,1,3,0,111
10342,10343,2,2,1,5,1,3,0,105
10350,10351,1,2,2,3,1,3,1,113
10351,10352,2,2,2,1,1,3,0,111
10354,10355,1,2,2,1,1,3,1,110
10356,10357,1,3,1,4,1,3,0,106
10388,10389,1,2,2,1,1,3,1,110
10389,10390,2,2,1,1,1,3,1,102
10391,10392,2,2,1,1,1,3,0,102
10398,10399,1,2,2,1,1,3,0,110
10402,10403,2,2,1,1,1,3,1,102
10430,10431,1,2,2,3,1,3,0,113
10446,10447,2,2,2,1,1,3,1,111
10452,10453,1,2,1,5,1,3,0,105
10456,10457,2,3,1,4,1,3,1,106
10459,10460,1,2,1,4,1,3,1,105
10485,10486,2,2,1,3,1,3,0,103
10500,10501,1,2,2,2,1,3,0,113
10522,10523,1,2,2,1,1,3,0,110
10525,10526,1,2,2,1,1,3,0,110
10535,10536,2,2,2,1,1,3,0,111
10541,10542,2,2,1,1,1,3,1,102
10543,10544,2,2,1,3,1,3,0,103
10564,10565,2,2,1,2,1,3,0,102
10574,10575,2,3,1,5,1,3,0,106
10589,10590,1,2,2,2,1,3,1,113
10590,10591,1,2,2,2,1,3,0,113
10599,10600,1,2,2,1,1,3,0,110
10619,10620,1,2,2,1,1,3,0,110
10623,10624,2,3,1,1,1,3,0,102
10668,10669,1,2,1,3,1,3,0,103
10675,10676,1,2,1,3,1,3,1,103
10681,10682,2,2,1,4,1,3,0,105
10706,10707,1,2,2,1,1,3,1,110
10713,10714,2,2,2,1,1,3,1,111
10715,10716,2,3,1,2,1,3,1,102
10746,10747,2,3,1,4,1,3,0,106
10750,10751,1,2,1,3,1,3,1,103
10755,10756,2,2,1,3,1,3,0,103
10756,10757,1,2,2,1,1,3,1,110
10762,10763,1,2,1,5,1,3,1,105
10765,10766,1,2,2,1,1,3,0,110
10782,10783,1,2,2,4,1,3,0,113
10789,10790,1,2,2,1,1,3,0,110
10799,10800,2,3,1,2,1,3,0,102
10815,10816,1,2,1,1,1,3,1,102
10830,10831,1,2,2,1,1,3,1,110
10833,10834,2,2,1,5,1,3,1,105
10841,10842,2,2,1,3,1,3,1,103
10852,10853,2,2,2,1,1,3,1,111
10862,10863,1,2,2,3,1,3,0,113
10868,10869,2,2,1,3,1,3,0,103
10869,10870,1,2,2,2,1,3,1,113
10870,10871,1,2,1,3,1,3,1,103
10893,10894,1,2,1,4,1,3,0,105
10912,10913,2,2,1,3,1,3,1,103
10946,10947,2,2,2,1,1,3,0,111
10951,10952,2,3,1,4,1,3,0,106
10970,10971,1,2,1,3,1,3,1,103
10974,10975,1,2,2,2,1,3,0,113
10986,10987,1,2,2,2,1,3,0,113
10998,10999,2,2,1,1,1,3,1,102
11003,11004,1,2,1,2,1,3,0,102
11005,11006,1,2,1,2,1,3,1,102
11015,11016,1,2,1,4,1,3,0,105
11023,11024,1,2,2,4,1,3,0,113
11024,11025,2,2,1,1,1,3,0,102
11030,11031,1,2,2,1,1,3,1,110
11031,11032,2,2,1,3,1,3,1,103
11036,11037,1,2,1,2,1,3,1,102
11041,11042,1,2,2,1,1,3,0,110
11061,11062,1,2,1,4,1,3,1,105
11066,11067,1,2,1,3,1,3,0,103
11072,11073,1,2,2,1,1,3,1,110
11130,11131,2,2,1,4,1,3,0,105
11132,11133,2,2,1,3,1,3,0,103
11149,11150,1,2,2,5,1,3,0,113
11157,11158,1,2,2,2,1,3,0,113
11171,11172,1,2,1,3,1,3,1,103
11195,11196,1,3,1,2,1,3,0,102
11204,11205,2,2,1,3,1,3,0,103
11217,11218,2,2,1,2,1,3,1,102
11220,11221,1,3,1,5,1,3,0,106
11225,11226,2,2,1,1,1,3,0,102
11237,11238,1,2,1,5,1,3,0,105
11248,11249,2,2,1,4,1,3,1,105
11266,11267,2,2,1,2,1,3,1,102
11282,11283,1,3,1,4,1,3,1,106
11288,11289,1,2,2,1,1,3,0,110
11301,11302,1,2,2,4,1,3,1,113
11305,11306,1,2,1,2,1,3,1,102
11319,11320,2,2,1,2,1,3,1,102
11324,11325,1,2,2,2,1,3,1,113
11332,11333,2,2,2,1,1,3,0,111
11338,11339,2,2,2,1,1,3,1,111
11342,11343,1,2,1,3,1,3,1,103
11350,11351,1,2,2,2,1,3,0,113
11356,11357,2,3,1,4,1,3,0,106
11360,11361,2,2,1,5,1,3,0,105
11373,11374,1,2,2,2,1,3,0,113
11431,11432,2,2,1,4,1,3,1,105
11432,11433,2,2,1,2,1,3,1,102
11437,11438,2,2,1,1,1,3,0,102
11441,11442,2,2,2,1,1,3,0,111
11442,11443,1,3,1,5,1,3,1,106
11451,11452,2,3,1,4,1,3,1,106
11452,11453,1,2,2,3,1,3,1,113
11462,11463,2,2,2,1,1,3,1,111
11464,11465,2,2,1,1,1,3,1,102
11471,11472,2,2,2,1,1,3,1,111
11473,11474,1,2,1,1,1,3,1,102
11474,11475,2,2,1,2,1,3,0,102
11493,11494,2,2,1,1,1,3,0,102
11501,11502,2,2,1,1,1,3,0,102
11576,11577,1,2,1,2,1,3,1,102
11599,11600,1,2,1,5,1,3,0,105
11610,11611,1,2,2,1,1,3,0,110
11615,11616,2,2,2,1,1,3,1,111
11631,11632,1,3,1,5,1,3,0,106
11648,11649,2,3,1,4,1,3,0,106
11658,11659,1,2,2,1,1,3,1,110
11683,11684,1,2,1,4,1,3,1,105
11688,11689,1,2,2,3,1,3,0,113
11699,11700,1,2,1,5,1,3,0,105
11704,11705,2,3,1,1,1,3,1,102
11713,11714,1,2,2,2,1,3,1,113
11726,11727,1,2,1,4,1,3,0,105
11729,11730,2,2,2,1,1,3,0,111
11740,11741,1,2,2,3,1,3,1,113
11749,11750,2,2,1,4,1,3,1,105
11756,11757,1,2,3,4,1,3,0,113
11757,11758,2,2,1,3,1,3,0,103
11773,11774,1,2,1,4,1,3,0,105
11792,11793,2,3,1,3,1,3,0,103
11805,11806,2,3,1,3,1,3,1,103
11808,11809,2,3,1,5,1,3,0,106
11824,11825,1,2,2,5,1,3,0,113
11830,11831,1,2,1,2,1,3,1,102
11837,11838,1,2,2,2,1,3,1,113
11850,11851,1,2,1,2,1,3,1,102
11854,11855,2,2,1,1,1,3,1,102
11889,11890,2,2,2,1,1,3,0,111
11913,11914,2,2,2,1,1,3,1,111
11928,11929,1,3,1,3,1,3,0,103
11943,11944,2,2,2,1,1,3,0,111
11970,11971,1,2,1,4,1,3,1,105
11971,11972,1,2,2,2,1,3,1,113
11987,11988,1,3,1,3,1,3,1,103
11989,11990,2,2,1,1,1,3,0,102
11999,12000,1,2,2,2,1,3,1,113
12005,12006,1,2,1,4,1,3,1,105
12012,12013,1,2,2,2,1,3,0,113
12013,12014,1,2,1,3,1,3,0,103
12021,12022,1,3,1,5,1,3,1,106
12023,12024,1,3,1,3,1,3,0,103
12029,12030,1,2,2,2,1,3,1,113
12030,12031,1,2,2,3,1,3,1,113
12048,12049,1,2,1,2,1,3,0,102
12052,12053,2,2,1,3,1,3,0,103
12067,12068,1,3,1,5,1,3,1,106
12080,12081,2,2,1,3,1,3,0,103
12094,12095,1,3,1,4,1,3,0,106
12102,12103,1,2,2,2,1,3,0,113
12117,12118,2,2,1,4,1,3,0,105
12121,12122,1,2,2,1,1,3,1,110
12128,12129,1,2,3,4,1,3,1,113
12129,12130,2,2,1,3,1,3,0,103
12131,12132,2,2,2,1,1,3,1,111
12142,12143,2,2,2,1,1,3,1,111
12151,12152,1,2,1,5,1,3,1,105
12152,12153,2,2,2,1,1,3,1,111
12160,12161,2,2,1,2,1,3,0,102
12206,12207,1,2,1,3,1,3,0,103
12219,12220,2,2,1,3,1,3,0,103
12230,12231,1,2,1,3,1,3,0,103
12235,12236,2,2,1,3,1,3,1,103
12238,12239,2,2,2,1,1,3,1,111
12245,12246,2,2,1,2,1,3,0,102
12262,12263,2,2,1,1,1,3,0,102
12269,12270,1,2,2,3,1,3,0,113
12279,12280,2,2,1,1,1,3,0,102
12301,12302,1,3,1,4,1,3,0,106
12305,12306,2,2,2,1,1,3,0,111
12309,12310,2,3,1,1,1,3,1,102
12325,12326,2,3,1,5,1,3,0,106
12333,12334,2,2,2,1,1,3,1,111
12344,12345,2,2,1,5,1,3,1,105
12345,12346,2,2,1,2,1,3,1,102
12371,12372,2,2,1,2,1,3,1,102
12392,12393,2,3,1,4,1,3,1,106
12396,12397,2,2,1,4,1,3,0,105
12408,12409,1,2,1,2,1,3,1,102
12412,12413,2,2,2,1,1,3,0,111
12430,12431,1,2,2,1,1,3,1,110
12432,12433,1,2,2,1,1,3,0,110
12453,12454,2,2,2,1,1,3,1,111
12490,12491,2,2,1,2,1,3,1,102
12510,12511,2,2,1,1,1,3,0,102
12515,12516,1,2,2,2,1,3,1,113
12522,12523,2,2,1,4,1,3,0,105
12532,12533,2,2,1,2,1,3,0,102
12556,12557,2,2,1,1,1,3,1,102
12573,12574,2,3,1,4,1,3,1,106
12576,12577,2,2,2,1,1,3,1,111
12587,12588,1,2,2,1,1,3,1,110
12594,12595,1,2,1,3,1,3,0,103
12602,12603,2,2,2,1,1,3,0,111
12619,12620,2,2,1,3,1,3,1,103
12629,12630,1,2,2,3,1,3,0,113
12677,12678,2,2,2,1,1,3,0,111
12703,12704,2,2,2,1,1,3,1,111
12705,12706,2,2,2,1,1,3,1,111
12720,12721,1,2,1,2,1,3,0,102
12733,12734,1,2,2,1,1,3,0,110
12748,12749,2,2,2,1,1,3,1,111
12749,12750,1,2,1,3,1,3,0,103
12761,12762,1,2,2,2,1,3,1,113
12774,12775,2,2,2,1,1,3,1,111
12799,12800,1,2,2,1,1,3,0,110
12801,12802,2,2,2,1,1,3,0,111
12816,12817,1,2,1,2,1,3,1,102
12824,12825,1,2,1,3,1,3,1,103
12831,12832,1,2,2,1,1,3,1,110
12848,12849,2,3,1,5,1,3,0,106
12873,12874,1,2,2,1,1,3,1,110
12888,12889,1,3,1,5,1,3,1,106
12894,12895,2,2,2,1,1,3,1,111
12897,12898,2,2,2,1,1,3,1,111
12898,12899,1,2,2,2,1,3,0,113
12904,12905,1,2,1,2,1,3,1,102
12924,12925,2,3,1,1,1,3,1,102
12940,12941,2,3,1,2,1,3,0,102
12951,12952,2,2,2,1,1,3,0,111
12968,12969,2,2,1,5,1,3,0,105
12986,12987,1,2,2,1,1,3,1,110
12990,12991,2,3,1,3,1,3,1,103
12997,12998,1,2,2,2,1,3,1,113
12999,13000,1,2,1,3,1,3,1,103
13008,13009,1,2,1,2,1,3,0,102
13010,13011,1,2,2,1,1,3,0,110
13014,13015,2,2,2,1,1,3,0,111
13020,13021,1,2,1,5,1,3,1,105
13021,13022,1,2,2,4,1,3,1,113
13027,13028,1,2,1,3,1,3,1,103
13029,13030,1,2,1,5,1,3,1,105
13049,13050,2,3,1,2,1,3,1,102
13058,13059,2,2,2,1,1,3,1,111
13071,13072,1,2,2,1,1,3,1,110
13092,13093,1,2,1,5,1,3,1,105
13099,13100,1,2,2,1,1,3,0,110
13100,13101,2,2,1,2,1,3,0,102
13131,13132,1,2,2,2,1,3,0,113
13141,13142,1,2,2,1,1,3,0,110
13164,13165,2,2,1,3,1,3,0,103
13172,13173,1,3,1,3,1,3,1,103
13184,13185,1,2,2,1,1,3,1,110
13190,13191,1,2,2,2,1,3,0,113
13193,13194,1,2,1,3,1,3,1,103
13210,13211,2,2,2,1,1,3,0,111
13221,13222,1,2,2,1,1,3,0,110
13223,13224,1,2,1,5,1,3,0,105
13225,13226,1,2,2,2,1,3,0,113
13235,13236,2,2,1,5,1,3,1,105
13260,13261,2,2,2,1,1,3,0,111
13262,13263,2,2,1,1,1,3,1,102
13279,13280,1,2,2,4,1,3,1,113
13295,13296,1,2,1,2,1,3,0,102
13299,13300,1,2,2,1,1,3,0,110
13326,13327,1,2,2,1,1,3,1,110
13347,13348,1,2,1,3,1,3,0,103
13390,13391,1,2,2,1,1,3,1,110
13400,13401,2,3,1,2,1,3,1,102
13405,13406,1,2,2,4,1,3,1,113
13417,13418,1,2,1,2,1,3,1,102
13419,13420,1,2,1,4,1,3,1,105
13423,13424,2,2,1,5,1,3,1,105
13438,13439,2,3,1,2,1,3,0,102
13440,13441,2,2,2,1,1,3,1,111
13453,13454,1,2,2,2,1,3,0,113
13478,13479,1,2,3,4,1,3,1,113
13489,13490,2,2,2,1,1,3,0,111
13497,13498,1,3,1,3,1,3,1,103
13504,13505,1,2,1,2,1,3,1,102
13512,13513,2,2,1,5,1,3,1,105
13548,13549,1,2,2,3,1,3,1,113
13569,13570,1,3,1,5,1,3,0,106
13597,13598,1,2,2,1,1,3,1,110
13606,13607,1,2,2,3,1,3,0,113
13616,13617,2,2,2,1,1,3,0,111
13623,13624,2,2,2,1,1,3,1,111
13639,13640,2,2,2,1,1,3,1,111
13664,13665,1,2,2,3,1,3,0,113
13674,13675,1,2,2,2,1,3,1,113
13679,13680,1,2,2,2,1,3,1,113
13681,13682,2,2,1,3,1,3,0,103
13705,13706,1,2,1,1,1,3,0,102
13717,13718,2,3,1,2,1,3,1,102
13719,13720,2,2,1,1,1,3,0,102
13727,13728,2,2,1,3,1,3,0,103
13735,13736,2,3,1,3,1,3,1,103
13736,13737,1,2,2,1,1,3,0,110
13764,13765,1,2,2,5,1,3,1,113
13783,13784,2,2,2,1,1,3,1,111
13791,13792,1,2,2,1,1,3,0,110
13792,13793,1,2,2,2,1,3,0,113
13799,13800,1,2,2,1,1,3,0,110
13801,13802,1,3,1,1,1,3,0,102
13806,13807,1,2,1,3,1,3,1,103
13809,13810,1,2,2,1,1,3,0,110
13843,13844,1,2,1,2,1,3,0,102
13864,13865,1,3,1,4,1,3,1,106
13866,13867,1,3,1,3,1,3,0,103
13892,13893,2,2,2,1,1,3,1,111
13895,13896,1,2,1,4,1,3,1,105
13897,13898,1,2,1,5,1,3,0,105
13899,13900,2,2,1,4,1,3,0,105
13941,13942,1,3,1,4,1,3,1,106
13949,13950,1,3,1,2,1,3,0,102
13972,13973,2,2,2,1,1,3,1,111
13979,13980,2,3,1,3,1,3,1,103
13992,13993,1,2,2,2,1,3,1,113
14017,14018,1,2,2,4,1,3,1,113
14025,14026,1,2,1,2,1,3,1,102
14030,14031,2,2,1,2,1,3,1,102
14036,14037,1,2,2,1,1,3,1,110
14054,14055,2,2,1,5,1,3,0,105
14065,14066,2,3,1,3,1,3,0,103
14096,14097,1,2,1,5,1,3,1,105
14097,14098,1,2,1,4,1,3,0,105
14108,14109,2,2,2,1,1,3,0,111
14113,14114,2,2,2,1,1,3,1,111
14115,14116,2,2,1,3,1,3,1,103
14131,14132,1,2,2,5,1,3,0,113
14143,14144,2,3,1,1,1,3,1,102
14161,14162,1,2,2,1,1,3,1,110
14206,14207,1,2,1,4,1,3,0,105
14207,14208,2,2,1,1,1,3,0,102
14226,14227,1,2,2,1,1,3,1,110
14230,14231,2,3,1,4,1,3,1,106
14244,14245,1,2,1,4,1,3,1,105
14276,14277,1,2,2,3,1,3,1,113
14278,14279,2,4,1,2,1,3,1,102
14288,14289,2,2,1,4,1,3,1,105
14295,14296,2,3,1,1,1,3,0,102
14297,14298,1,3,1,1,1,3,0,102
14313,14314,2,2,2,1,1,3,1,111
14347,14348,1,2,2,4,1,3,1,113
14371,14372,2,2,1,3,1,3,0,103
14406,14407,2,3,1,5,1,3,0,106
14428,14429,1,2,2,1,1,3,1,110
14437,14438,2,2,1,1,1,3,1,102
14445,14446,2,2,2,1,1,3,1,111
14452,14453,1,2,2,2,1,3,1,113
14457,14458,1,2,3,2,1,3,1,113
14460,14461,2,2,2,1,1,3,0,111
14467,14468,1,2,1,3,1,3,1,103
14468,14469,1,2,1,3,1,3,0,103
14473,14474,2,2,1,1,1,3,0,102
14480,14481,1,2,1,2,1,3,1,102
14487,14488,2,2,2,1,1,3,0,111
14489,14490,1,3,1,3,1,3,0,103
14503,14504,2,2,2,1,1,3,1,111
14518,14519,1,3,1,3,1,3,1,103
14531,14532,1,2,2,1,1,3,0,110
14542,14543,1,2,1,3,1,3,1,103
14563,14564,1,2,2,1,1,3,1,110
14569,14570,2,3,1,5,1,3,1,106
14583,14584,2,3,1,4,1,3,1,106
14591,14592,1,2,2,2,1,3,0,113
14593,14594,2,3,1,4,1,3,0,106
14600,14601,2,2,1,3,1,3,0,103
14609,14610,1,2,2,1,1,3,1,110
14623,14624,2,2,2,1,1,3,1,111
14625,14626,2,3,1,4,1,3,0,106
14628,14629,1,2,2,3,1,3,1,113
14630,14631,1,2,2,1,1,3,1,110
14633,14634,1,2,2,1,1,3,0,110
14655,14656,1,3,1,3,1,3,0,103
14665,14666,1,2,1,4,1,3,1,105
14690,14691,1,2,1,3,1,3,1,103
14695,14696,2,3,1,5,1,3,1,106
14711,14712,2,2,2,1,1,3,0,111
14714,14715,2,3,1,2,1,3,0,102
14722,14723,2,3,1,2,1,3,1,102
14733,14734,2,2,2,1,1,3,1,111
14747,14748,2,2,2,1,1,3,0,111
14760,14761,2,3,1,3,1,3,1,103
14775,14776,1,2,2,2,1,3,0,113
14785,14786,1,2,2,2,1,3,1,113
14791,14792,2,3,1,5,1,3,1,106
14796,14797,2,3,1,4,1,3,1,106
14798,14799,1,2,1,3,1,3,0,103
14812,14813,2,2,1,4,1,3,1,105
14826,14827,2,2,2,1,1,3,0,111
14865,14866,1,2,1,2,1,3,1,102
14890,14891,2,3,1,3,1,3,0,103
14927,14928,1,2,2,1,1,3,1,110
14936,14937,2,2,1,3,1,3,1,103
14940,14941,1,2,1,5,1,3,0,105
14962,14963,2,2,1,2,1,3,0,102
14973,14974,1,3,1,5,1,3,1,106
14997,14998,1,2,2,1,1,3,0,110
15008,15009,1,3,1,4,1,3,1,106
15025,15026,1,2,1,2,1,3,0,102
15032,15033,1,2,1,4,1,3,1,105
15053,15054,1,2,2,2,1,3,0,113
15070,15071,1,2,1,2,1,3,0,102
15074,15075,1,2,2,2,1,3,0,113
15076,15077,1,2,2,4,1,3,1,113
15084,15085,1,3,1,3,1,3,1,103
15088,15089,1,2,1,3,1,3,0,103
15114,15115,1,2,1,5,1,3,0,105
15115,15116,1,3,1,5,1,3,1,106
15119,15120,1,3,1,5,1,3,1,106
15138,15139,1,3,1,5,1,3,1,106
15152,15153,2,2,2,1,1,3,0,111
15154,15155,2,2,2,1,1,3,1,111
15161,15162,2,2,2,1,1,3,0,111
15166,15167,2,2,2,1,1,3,0,111
15167,15168,2,2,2,1,1,3,0,111
15172,15173,2,2,2,1,1,3,1,111
15174,15175,2,2,2,1,1,3,0,111
15180,15181,2,2,2,1,1,3,1,111
15183,15184,2,2,2,1,1,3,0,111
15190,15191,2,2,2,1,1,3,0,111
15199,15200,2,2,2,1,1,3,0,111
15201,15202,2,2,2,1,1,3,1,111
15231,15232,2,3,1,3,1,3,1,103
15236,15237,2,2,2,1,1,3,1,111
15244,15245,2,2,1,3,1,3,0,103
15306,15307,2,2,1,2,1,3,1,102
15308,15309,2,3,1,4,1,3,0,106
15313,15314,2,3,1,3,1,3,0,103
15348,15349,2,2,1,3,1,3,0,103
15406,15407,2,3,1,5,1,3,0,106
15426,15427,1,2,2,3,1,3,1,113
15442,15443,1,2,2,1,1,3,0,110
15446,15447,1,2,2,1,1,3,0,110
15447,15448,1,2,2,1,1,3,1,110
15454,15455,1,2,2,1,1,3,1,110
15457,15458,1,3,1,2,1,3,0,102
15471,15472,1,3,1,2,1,3,1,102
15487,15488,1,2,2,2,1,3,1,113
15489,15490,1,3,1,2,1,3,0,102
15494,15495,1,2,2,2,1,3,1,113
15499,15500,1,2,2,2,1,3,0,113
15508,15509,1,3,1,4,1,3,0,106
15516,15517,1,2,2,2,1,3,1,113
15517,15518,1,3,1,3,1,3,1,103
15518,15519,1,2,2,2,1,3,0,113
15536,15537,1,2,1,3,1,3,1,103
15555,15556,1,2,2,3,1,3,1,113
15563,15564,1,2,1,3,1,3,1,103
15574,15575,1,2,1,5,1,3,1,105
15597,15598,2,2,2,1,1,3,1,111
15671,15672,1,3,1,2,1,3,1,102
15672,15673,1,2,2,2,1,3,1,113
15681,15682,1,2,2,1,1,3,1,110
15689,15690,1,2,2,1,1,3,1,110
15699,15700,1,2,1,2,1,3,0,102
15703,15704,1,2,2,2,1,3,0,113
15726,15727,2,2,1,1,1,3,1,102
15729,15730,2,2,2,1,1,3,1,111
15757,15758,2,2,1,1,1,3,1,102
15760,15761,2,2,2,1,1,3,1,111
15767,15768,2,2,2,1,1,3,0,111
15775,15776,2,2,1,1,1,3,0,102
15778,15779,2,2,2,1,1,3,1,111
15788,15789,2,2,1,1,1,3,1,102
15792,15793,2,2,2,1,1,3,1,111
15799,15800,2,2,2,1,1,3,0,111
15805,15806,2,3,1,1,1,3,0,102
15811,15812,2,2,1,2,1,3,0,102
15823,15824,2,2,1,1,1,3,0,102
15826,15827,2,2,2,1,1,3,1,111
15827,15828,2,2,2,1,1,3,0,111
15843,15844,2,2,2,1,1,3,1,111
15853,15854,2,2,2,1,1,3,1,111
15856,15857,2,2,2,1,1,3,0,111
15876,15877,2,2,2,1,1,3,0,111
15878,15879,2,3,1,2,1,3,1,102
15885,15886,2,2,1,2,1,3,0,102
15888,15889,2,2,1,2,1,3,0,102
15896,15897,2,2,2,1,1,3,1,111
15922,15923,2,2,1,2,1,3,1,102
15924,15925,2,2,1,2,1,3,1,102
15939,15940,2,2,1,2,1,3,1,102
15964,15965,2,2,1,3,1,3,1,103
15970,15971,2,2,1,3,1,3,1,103
15978,15979,2,2,1,3,1,3,1,103
15983,15984,2,2,1,2,1,3,1,102
15989,15990,2,3,1,2,1,3,0,102
16025,16026,2,3,1,2,1,3,1,102
16029,16030,2,2,1,3,1,3,1,103
16040,16041,2,2,1,2,1,3,0,102
16041,16042,2,3,1,4,1,3,0,106
16043,16044,2,3,1,4,1,3,1,106
16044,16045,2,3,1,1,1,3,0,102
16062,16063,2,2,1,4,1,3,0,105
16066,16067,2,2,1,3,1,3,1,103
16071,16072,2,2,1,2,1,3,0,102
16085,16086,2,3,1,2,1,3,1,102
16099,16100,2,2,1,2,1,3,1,102
16104,16105,2,3,1,4,1,3,1,106
16124,16125,2,3,1,3,1,3,1,103
16132,16133,2,3,1,3,1,3,1,103
16133,16134,2,2,1,3,1,3,1,103
16137,16138,2,3,1,3,1,3,1,103
16142,16143,2,3,1,3,1,3,0,103
16152,16153,2,2,1,4,1,3,0,105
16154,16155,2,2,1,3,1,3,1,103
16157,16158,2,2,1,4,1,3,1,105
16162,16163,2,2,1,2,1,3,1,102
16163,16164,2,3,1,2,1,3,0,102
16176,16177,2,2,1,4,1,3,0,105
16191,16192,2,2,1,3,1,3,1,103
16205,16206,2,3,1,3,1,3,0,103
16209,16210,2,2,1,4,1,3,1,105
16222,16223,2,3,1,4,1,3,1,106
16224,16225,2,3,1,2,1,3,1,102
16226,16227,2,2,1,2,1,3,1,102
16227,16228,2,3,1,4,1,3,0,106
16228,16229,2,2,1,3,1,3,1,103
16230,16231,2,2,1,2,1,3,0,102
16246,16247,2,2,1,3,1,3,1,103
16259,16260,2,2,1,3,1,3,1,103
16260,16261,2,3,1,4,1,3,0,106
16261,16262,2,2,1,2,1,3,0,102
16264,16265,2,2,1,3,1,3,1,103
16273,16274,2,3,1,2,1,3,0,102
16275,16276,2,2,1,2,1,3,0,102
16287,16288,2,2,1,2,1,3,0,102
16288,16289,2,3,1,2,1,3,1,102
16297,16298,2,3,1,3,1,3,1,103
16302,16303,2,2,1,3,1,3,1,103
16305,16306,2,2,1,2,1,3,1,102
16318,16319,2,2,1,3,1,3,0,103
16320,16321,2,3,1,3,1,3,0,103
16330,16331,2,2,1,4,1,3,1,105
16333,16334,2,2,1,3,1,3,1,103
16334,16335,2,2,1,3,1,3,0,103
16336,16337,2,2,1,2,1,3,0,102
16339,16340,2,2,1,4,1,3,1,105
16344,16345,2,2,1,4,1,3,0,105
16353,16354,2,2,1,3,1,3,1,103
16372,16373,2,3,1,4,1,3,0,106
16379,16380,2,3,1,4,1,3,1,106
16397,16398,2,3,1,3,1,3,0,103
16401,16402,2,2,1,3,1,3,0,103
16423,16424,2,3,1,5,1,3,1,106
16428,16429,2,3,1,4,1,3,0,106
16433,16434,2,3,1,5,1,3,1,106
16434,16435,2,2,1,5,1,3,1,105
16439,16440,2,3,1,5,1,3,1,106
16444,16445,2,2,1,5,1,3,0,105
16448,16449,2,2,1,5,1,3,1,105
16450,16451,2,2,1,4,1,3,0,105
16451,16452,2,2,1,5,1,3,1,105
16454,16455,2,2,1,5,1,3,1,105
16456,16457,2,3,1,5,1,3,1,106
16469,16470,2,3,1,5,1,3,1,106
16474,16475,2,2,1,5,1,3,0,105
16475,16476,2,3,1,5,1,3,1,106
16476,16477,2,3,1,5,1,3,0,106
16477,16478,2,2,1,5,1,3,1,105
16478,16479,2,3,1,5,1,3,1,106
16479,16480,2,3,1,5,1,3,1,106
16490,16491,1,2,2,1,1,3,1,110
16499,16500,1,2,2,1,1,3,0,110
16507,16508,1,2,2,1,1,3,1,110
16518,16519,1,2,2,1,1,3,0,110
16520,16521,1,2,2,1,1,3,0,110
16522,16523,1,2,2,1,1,3,0,110
16524,16525,1,2,1,2,1,3,0,102
16541,16542,1,2,2,1,1,3,1,110
16542,16543,1,2,1,1,1,3,1,102
16565,16566,1,2,2,2,1,3,0,113
16567,16568,1,2,2,2,1,3,0,113
16570,16571,1,2,2,1,1,3,1,110
16574,16575,1,2,2,1,1,3,0,110
16594,16595,1,2,2,2,1,3,1,113
16599,16600,1,2,2,2,1,3,0,113
16602,16603,1,3,1,2,1,3,1,102
16605,16606,1,2,2,2,1,3,0,113
16607,16608,1,3,1,2,1,3,0,102
16611,16612,1,2,1,2,1,3,0,102
16613,16614,1,3,1,2,1,3,0,102
16622,16623,1,3,1,2,1,3,1,102
16633,16634,1,2,2,1,1,3,1,110
16636,16637,1,2,2,2,1,3,1,113
16637,16638,1,3,1,2,1,3,1,102
16639,16640,1,3,1,4,1,3,1,106
16640,16641,1,2,2,2,1,3,1,113
16647,16648,1,3,1,3,1,3,0,103
16649,16650,1,3,1,4,1,3,1,106
16659,16660,1,2,1,3,1,3,0,103
16667,16668,1,2,1,2,1,3,1,102
16668,16669,1,2,1,4,1,3,0,105
16683,16684,1,3,1,4,1,3,1,106
16684,16685,1,2,2,2,1,3,0,113
16703,16704,1,2,2,4,1,3,0,113
16711,16712,1,2,1,2,1,3,1,102
16717,16718,1,2,1,3,1,3,1,103
16720,16721,1,2,1,2,1,3,1,102
16733,16734,1,3,1,4,1,3,1,106
16744,16745,1,2,2,1,1,3,1,110
16749,16750,1,2,2,3,1,3,0,113
16755,16756,1,2,1,2,1,3,1,102
16758,16759,1,2,1,2,1,3,0,102
16763,16764,1,2,1,3,1,3,0,103
16772,16773,1,3,1,3,1,3,1,103
16779,16780,1,2,1,4,1,3,1,105
16781,16782,1,2,1,2,1,3,0,102
16787,16788,1,2,1,2,1,3,1,102
16788,16789,1,2,2,3,1,3,1,113
16799,16800,1,2,2,4,1,3,1,113
16801,16802,1,2,2,2,1,3,1,113
16804,16805,1,2,1,3,1,3,0,103
16806,16807,1,2,1,4,1,3,1,105
16822,16823,1,2,1,3,1,3,0,103
16826,16827,1,2,1,3,1,3,1,103
16832,16833,1,2,1,4,1,3,1,105
16843,16844,1,2,2,4,1,3,0,113
16851,16852,1,2,1,4,1,3,0,105
16869,16870,1,2,2,3,1,3,1,113
16872,16873,1,2,2,4,1,3,1,113
16885,16886,1,2,1,2,1,3,0,102
16886,16887,1,2,1,3,1,3,0,103
16913,16914,1,2,2,5,1,3,0,113
16916,16917,1,3,1,5,1,3,0,106
16922,16923,1,2,1,4,1,3,1,105
16923,16924,1,2,2,5,1,3,0,113
16930,16931,1,2,2,5,1,3,0,113
16931,16932,1,3,1,5,1,3,0,106
16932,16933,1,3,1,5,1,3,1,106
16946,16947,1,3,1,5,1,3,0,106
16949,16950,1,2,1,5,1,3,1,105
16959,16960,1,3,1,4,1,3,1,106
16960,16961,1,2,1,4,1,3,1,105
16999,17000,2,2,2,1,1,3,0,111
17001,17002,2,2,2,1,1,3,1,111
17004,17005,2,2,2,1,1,3,0,111
17006,17007,2,3,1,1,1,3,1,102
17008,17009,2,2,2,1,1,3,0,111
17017,17018,2,2,2,1,1,3,1,111
17020,17021,2,2,1,1,1,3,1,102
17022,17023,2,2,2,1,1,3,0,111
17025,17026,2,2,2,1,1,3,1,111
17026,17027,2,2,2,1,1,3,1,111
17034,17035,2,2,1,1,1,3,1,102
17046,17047,2,2,2,1,1,3,1,111
17047,17048,2,2,1,1,1,3,0,102
17048,17049,2,2,1,1,1,3,1,102
17049,17050,2,2,1,1,1,3,1,102
17050,17051,2,2,2,1,1,3,1,111
17053,17054,2,2,2,1,1,3,1,111
17054,17055,2,2,2,1,1,3,0,111
17060,17061,2,2,1,1,1,3,1,102
17071,17072,2,2,1,1,1,3,1,102
17084,17085,2,2,2,1,1,3,0,111
17085,17086,2,2,2,1,1,3,1,111
17093,17094,2,2,1,1,1,3,0,102
17100,17101,2,2,2,1,1,3,1,111
17101,17102,2,2,1,1,1,3,1,102
17105,17106,2,3,1,1,1,3,1,102
17106,17107,2,2,2,1,1,3,1,111
17110,17111,2,2,2,1,1,3,0,111
17121,17122,2,2,1,1,1,3,1,102
17124,17125,2,2,1,1,1,3,0,102
17129,17130,2,2,2,1,1,3,1,111
17133,17134,2,3,1,1,1,3,1,102
17140,17141,2,2,2,1,1,3,1,111
17147,17148,2,2,2,1,1,3,0,111
17155,17156,2,3,1,1,1,3,1,102
17188,17189,2,3,1,2,1,3,1,102
17189,17190,2,2,1,2,1,3,1,102
17212,17213,2,2,1,2,1,3,0,102
17213,17214,2,2,1,1,1,3,1,102
17217,17218,2,2,2,1,1,3,0,111
17218,17219,2,2,2,1,1,3,0,111
17219,17220,2,2,2,1,1,3,1,111
17229,17230,2,2,1,1,1,3,0,102
17234,17235,2,2,1,2,1,3,1,102
17235,17236,2,3,1,3,1,3,1,103
17239,17240,2,2,1,3,1,3,1,103
17240,17241,2,3,1,2,1,3,0,102
17244,17245,2,2,1,3,1,3,1,103
17248,17249,2,2,1,3,1,3,1,103
17256,17257,2,3,1,4,1,3,1,106
17277,17278,2,2,1,2,1,3,0,102
17279,17280,2,2,1,2,1,3,0,102
17293,17294,2,2,1,4,1,3,0,105
17294,17295,2,3,1,2,1,3,0,102
17303,17304,2,2,1,3,1,3,1,103
17312,17313,2,3,1,4,1,3,1,106
17314,17315,2,3,1,2,1,3,0,102
17331,17332,2,3,1,4,1,3,1,106
17351,17352,2,2,1,4,1,3,1,105
17363,17364,2,2,1,3,1,3,1,103
17374,17375,2,3,1,4,1,3,1,106
17402,17403,2,3,1,4,1,3,1,106
17434,17435,2,3,1,2,1,3,0,102
17440,17441,2,2,1,2,1,3,1,102
17446,17447,2,2,1,4,1,3,1,105
17452,17453,2,2,1,4,1,3,1,105
17477,17478,2,2,1,2,1,3,1,102
17488,17489,2,2,1,4,1,3,1,105
17496,17497,2,2,1,2,1,3,1,102
17512,17513,2,2,1,2,1,3,1,102
17524,17525,2,2,1,3,1,3,1,103
17533,17534,2,2,1,4,1,3,1,105
17546,17547,2,3,1,3,1,3,1,103
17548,17549,2,2,1,4,1,3,1,105
17558,17559,2,2,1,4,1,3,0,105
17560,17561,2,2,1,4,1,3,1,105
17566,17567,2,3,1,3,1,3,0,103
17581,17582,2,2,1,3,1,3,1,103
17582,17583,2,2,1,3,1,3,1,103
17608,17609,2,3,1,3,1,3,0,103
17614,17615,2,3,1,2,1,3,1,102
17627,17628,2,2,1,2,1,3,0,102
17650,17651,2,2,1,3,1,3,1,103
17656,17657,2,3,1,4,1,3,0,106
17657,17658,2,2,1,3,1,3,0,103
17665,17666,2,2,1,4,1,3,0,105
17702,17703,2,2,1,2,1,3,0,102
17724,17725,2,3,1,4,1,3,1,106
17737,17738,2,2,1,5,1,3,1,105
17749,17750,2,3,1,5,1,3,0,106
17761,17762,2,2,1,5,1,3,1,105
17779,17780,2,2,1,5,1,3,0,105
17787,17788,1,2,1,5,1,3,0,105
17801,17802,1,2,1,1,1,3,1,102
17806,17807,1,2,2,2,1,3,1,113
17808,17809,1,2,2,1,1,3,1,110
17810,17811,1,2,2,1,1,3,0,110
17811,17812,1,2,2,1,1,3,0,110
17812,17813,1,2,2,1,1,3,1,110
17813,17814,1,2,2,1,1,3,0,110
17819,17820,1,2,2,1,1,3,0,110
17821,17822,1,2,2,1,1,3,1,110
17825,17826,1,2,2,1,1,3,1,110
17840,17841,1,2,2,1,1,3,1,110
17841,17842,1,2,2,1,1,3,0,110
17842,17843,1,2,2,1,1,3,0,110
17848,17849,1,2,2,1,1,3,0,110
17851,17852,1,2,2,1,1,3,0,110
17862,17863,1,2,1,1,1,3,1,102
17871,17872,1,2,2,2,1,3,1,113
17874,17875,1,3,1,2,1,3,1,102
17877,17878,1,2,2,1,1,3,0,110
17878,17879,1,2,2,2,1,3,0,113
17902,17903,1,2,2,2,1,3,0,113
17905,17906,1,2,2,2,1,3,0,113
17906,17907,1,2,2,2,1,3,1,113
17907,17908,1,2,2,2,1,3,1,113
17909,17910,1,2,2,1,1,3,1,110
17915,17916,1,3,1,2,1,3,1,102
17920,17921,1,2,2,1,1,3,1,110
17923,17924,1,3,1,3,1,3,1,103
17926,17927,1,2,1,3,1,3,1,103
17936,17937,1,2,2,3,1,3,0,113
17940,17941,1,2,2,4,1,3,1,113
17963,17964,1,2,2,2,1,3,1,113
17966,17967,1,2,1,2,1,3,1,102
17988,17989,1,2,3,4,1,3,1,113
17999,18000,1,2,2,3,1,3,1,113
18010,18011,1,3,1,4,1,3,1,106
18022,18023,1,2,1,4,1,3,1,105
18037,18038,1,2,1,3,1,3,0,103
18040,18041,1,3,1,4,1,3,0,106
18047,18048,1,2,2,2,1,3,1,113
18057,18058,1,2,1,2,1,3,1,102
18071,18072,1,2,2,3,1,3,1,113
18075,18076,1,3,1,4,1,3,1,106
18076,18077,1,2,2,3,1,3,0,113
18099,18100,1,2,2,3,1,3,1,113
18116,18117,1,2,1,3,1,3,1,103
18123,18124,1,2,2,2,1,3,0,113
18161,18162,1,2,2,2,1,3,0,113
18169,18170,1,3,1,3,1,3,1,103
18188,18189,1,2,2,4,1,3,1,113
18192,18193,1,2,2,3,1,3,1,113
18197,18198,1,2,2,2,1,3,0,113
18198,18199,1,2,2,3,1,3,1,113
18212,18213,1,2,2,3,1,3,1,113
18226,18227,1,2,2,5,1,3,0,113
18229,18230,1,2,1,5,1,3,1,105
18238,18239,1,3,1,5,1,3,0,106
18246,18247,1,3,1,5,1,3,0,106
18249,18250,1,2,1,4,1,3,1,105
18250,18251,1,2,2,5,1,3,1,113
18259,18260,1,2,1,5,1,3,1,105
18281,18282,1,3,1,5,1,3,1,106
18291,18292,2,3,1,2,1,3,1,102
18313,18314,2,2,1,1,1,3,1,102
18316,18317,2,2,1,2,1,3,1,102
18317,18318,2,2,1,1,1,3,1,102
18320,18321,2,2,2,1,1,3,0,111
18335,18336,2,2,2,1,1,3,1,111
18350,18351,2,2,2,1,1,3,1,111
18359,18360,2,2,2,1,1,3,1,111
18362,18363,2,2,2,1,1,3,1,111
18367,18368,2,2,2,1,1,3,0,111
18384,18385,2,3,1,1,1,3,0,102
18409,18410,2,2,2,1,1,3,1,111
18419,18420,2,2,2,1,1,3,1,111
18420,18421,2,2,2,1,1,3,1,111
18427,18428,2,2,1,1,1,3,0,102
18429,18430,2,2,2,1,1,3,1,111
18431,18432,2,3,1,1,1,3,0,102
18442,18443,2,2,2,1,1,3,1,111
18449,18450,2,2,1,1,1,3,0,102
18454,18455,2,3,1,1,1,3,1,102
18477,18478,2,2,2,1,1,3,0,111
18499,18500,2,4,1,1,1,3,0,102
18501,18502,2,2,1,1,1,3,0,102
18510,18511,2,2,1,1,1,3,0,102
18511,18512,2,2,2,1,1,3,1,111
18512,18513,2,2,1,1,1,3,0,102
18514,18515,2,2,2,1,1,3,0,111
18540,18541,2,2,2,1,1,3,0,111
18584,18585,2,2,1,1,1,3,0,102
18589,18590,2,3,1,1,1,3,0,102
18598,18599,2,2,2,1,1,3,0,111
18618,18619,2,2,2,1,1,3,1,111
18622,18623,2,2,2,1,1,3,1,111
18645,18646,2,2,2,1,1,3,0,111
18654,18655,2,3,1,1,1,3,1,102
18657,18658,2,2,2,1,1,3,0,111
18680,18681,2,2,1,2,1,3,0,102
18684,18685,2,2,1,2,1,3,0,102
18715,18716,2,2,1,1,1,3,0,102
18718,18719,2,2,2,1,1,3,1,111
18724,18725,2,2,1,2,1,3,0,102
18730,18731,2,2,1,1,1,3,1,102
18732,18733,2,2,2,1,1,3,0,111
18736,18737,2,2,2,1,1,3,1,111
18737,18738,2,2,1,1,1,3,1,102
18746,18747,2,2,1,2,1,3,0,102
18770,18771,2,3,1,1,1,3,1,102
18771,18772,2,2,2,1,1,3,1,111
18772,18773,2,2,1,1,1,3,1,102
18795,18796,2,2,1,2,1,3,1,102
18818,18819,2,2,2,1,1,3,1,111
18833,18834,2,2,2,1,1,3,0,111
18851,18852,2,2,1,2,1,3,1,102
18876,18877,2,2,1,2,1,3,1,102
18902,18903,2,2,1,2,1,3,0,102
18925,18926,2,2,1,2,1,3,0,102
18950,18951,2,2,2,1,1,3,1,111
18951,18952,2,3,1,1,1,3,1,102
18955,18956,2,2,2,1,1,3,1,111
18989,18990,2,2,1,2,1,3,0,102
19021,19022,2,2,1,2,1,3,1,102
19026,19027,2,2,1,2,1,3,1,102
19033,19034,2,2,1,4,1,3,1,105
19035,19036,2,2,1,3,1,3,1,103
19036,19037,2,2,1,3,1,3,0,103
19041,19042,2,2,1,1,1,3,0,102
19042,19043,2,2,2,1,1,3,1,111
19053,19054,2,3,1,3,1,3,1,103
19055,19056,2,3,1,2,1,3,1,102
19059,19060,2,2,1,1,1,3,1,102
19060,19061,2,2,1,1,1,3,1,102
19064,19065,2,2,1,2,1,3,0,102
19066,19067,2,2,1,3,1,3,0,103
19069,19070,2,3,1,2,1,3,1,102
19082,19083,2,3,1,2,1,3,1,102
19087,19088,2,3,1,2,1,3,1,102
19088,19089,2,2,2,1,1,3,0,111
19094,19095,2,2,1,3,1,3,0,103
19101,19102,2,2,1,4,1,3,1,105
19128,19129,2,3,1,4,1,3,0,106
19135,19136,2,2,1,2,1,3,0,102
19151,19152,2,2,1,3,1,3,0,103
19185,19186,2,2,1,1,1,3,0,102
19190,19191,2,2,1,4,1,3,0,105
19191,19192,2,2,1,3,1,3,0,103
19200,19201,2,2,1,4,1,3,1,105
19220,19221,2,2,1,4,1,3,1,105
19241,19242,2,2,1,3,1,3,1,103
19243,19244,2,2,1,4,1,3,1,105
19269,19270,2,3,1,3,1,3,1,103
19317,19318,2,3,1,4,1,3,1,106
19344,19345,2,3,1,4,1,3,1,106
19360,19361,2,2,1,2,1,3,1,102
19368,19369,2,2,1,3,1,3,0,103
19412,19413,2,2,2,1,1,3,0,111
19435,19436,2,2,2,1,1,3,0,111
19462,19463,2,2,1,4,1,3,1,105
19465,19466,2,2,1,3,1,3,1,103
19470,19471,2,2,1,2,1,3,0,102
19506,19507,2,2,1,2,1,3,0,102
19519,19520,2,2,1,1,1,3,1,102
19520,19521,2,2,1,2,1,3,1,102
19527,19528,2,2,1,2,1,3,1,102
19536,19537,2,3,1,4,1,3,1,106
19548,19549,2,2,2,1,1,3,1,111
19556,19557,2,2,1,2,1,3,1,102
19564,19565,2,3,1,4,1,3,1,106
19565,19566,2,2,1,4,1,3,0,105
19569,19570,2,2,1,4,1,3,1,105
19577,19578,2,2,1,4,1,3,1,105
19587,19588,2,2,1,2,1,3,1,102
19621,19622,2,2,1,2,1,3,1,102
19659,19660,2,2,1,2,1,3,1,102
19672,19673,2,2,1,2,1,3,0,102
19676,19677,2,3,1,3,1,3,1,103
19686,19687,2,2,1,3,1,3,1,103
19693,19694,2,2,1,4,1,3,1,105
19699,19700,2,3,1,4,1,3,1,106
19706,19707,2,2,1,4,1,3,0,105
19707,19708,2,2,2,1,1,3,1,111
19738,19739,2,3,1,3,1,3,0,103
19739,19740,2,2,1,4,1,3,1,105
19755,19756,2,2,1,3,1,3,1,103
19791,19792,2,3,1,3,1,3,1,103
19793,19794,2,3,1,3,1,3,0,103
19798,19799,2,2,1,2,1,3,1,102
19801,19802,2,3,1,3,1,3,1,103
19813,19814,2,3,1,3,1,3,0,103
19824,19825,2,2,1,4,1,3,1,105
19855,19856,2,2,1,3,1,3,1,103
19860,19861,2,3,1,1,1,3,0,102
19872,19873,2,2,1,3,1,3,1,103
19877,19878,2,2,1,3,1,3,0,103
19888,19889,2,3,1,4,1,3,0,106
19901,19902,2,2,1,4,1,3,0,105
19907,19908,2,2,1,4,1,3,0,105
19960,19961,2,2,1,4,1,3,1,105
19991,19992,2,2,1,2,1,3,0,102
19996,19997,2,2,1,3,1,3,1,103
20033,20034,2,2,1,2,1,3,0,102
20044,20045,2,3,1,2,1,3,0,102
20087,20088,2,2,1,2,1,3,0,102
20089,20090,2,2,1,2,1,3,0,102
20099,20100,2,2,1,3,1,3,1,103
20113,20114,2,2,1,4,1,3,1,105
20117,20118,2,2,1,3,1,3,0,103
20130,20131,2,2,1,4,1,3,0,105
20140,20141,2,2,1,2,1,3,1,102
20146,20147,2,2,1,3,1,3,1,103
20151,20152,2,2,1,4,1,3,1,105
20154,20155,2,3,1,4,1,3,0,106
20210,20211,2,2,1,4,1,3,1,105
20212,20213,2,3,1,4,1,3,1,106
20214,20215,2,2,1,5,1,3,1,105
20221,20222,2,2,1,5,1,3,0,105
20229,20230,2,2,1,4,1,3,1,105
20236,20237,2,3,1,5,1,3,0,106
20249,20250,2,2,1,5,1,3,0,105
20266,20267,2,3,1,5,1,3,1,106
20267,20268,2,3,1,5,1,3,0,106
20268,20269,2,3,1,5,1,3,0,106
20283,20284,2,2,1,4,1,3,0,105
20318,20319,2,2,1,5,1,3,1,105
20336,20337,2,2,1,5,1,3,1,105
20343,20344,2,2,1,5,1,3,0,105
20356,20357,1,2,2,2,1,3,0,113
20358,20359,1,2,2,1,1,3,1,110
20359,20360,1,2,2,1,1,3,1,110
20364,20365,1,2,2,1,1,3,1,110
20368,20369,1,2,1,1,1,3,1,102
20373,20374,1,2,2,1,1,3,1,110
20374,20375,1,2,2,1,1,3,0,110
20377,20378,1,2,2,1,1,3,1,110
20379,20380,1,2,2,1,1,3,0,110
20381,20382,1,2,2,1,1,3,1,110
20398,20399,1,2,2,1,1,3,1,110
20399,20400,1,2,2,1,1,3,0,110
20428,20429,1,2,2,1,1,3,1,110
20437,20438,1,2,2,1,1,3,1,110
20439,20440,1,2,2,1,1,3,1,110
20440,20441,1,2,2,1,1,3,1,110
20453,20454,1,2,2,1,1,3,0,110
20472,20473,1,3,1,2,1,3,1,102
20479,20480,1,2,2,1,1,3,0,110
20480,20481,1,2,2,2,1,3,1,113
20497,20498,1,2,2,1,1,3,1,110
20505,20506,1,2,2,2,1,3,1,113
20513,20514,1,2,2,1,1,3,0,110
20523,20524,1,2,2,2,1,3,1,113
20545,20546,1,2,1,2,1,3,0,102
20549,20550,1,2,2,2,1,3,0,113
20566,20567,1,2,2,2,1,3,1,113
20568,20569,1,2,2,2,1,3,1,113
20582,20583,1,3,1,2,1,3,0,102
20597,20598,1,3,1,2,1,3,1,102
20614,20615,1,2,1,2,1,3,1,102
20622,20623,1,2,2,2,1,3,1,113
20634,20635,1,2,2,2,1,3,0,113
20637,20638,1,2,2,2,1,3,0,113
20638,20639,1,2,2,2,1,3,0,113
20645,20646,1,3,1,1,1,3,1,102
20651,20652,1,2,1,1,1,3,1,102
20652,20653,1,2,1,1,1,3,1,102
20654,20655,1,2,2,2,1,3,1,113
20668,20669,1,2,1,2,1,3,1,102
20673,20674,1,2,2,2,1,3,1,113
20689,20690,1,2,2,3,1,3,1,113
20695,20696,1,2,2,2,1,3,1,113
20699,20700,1,2,1,3,1,3,0,103
20709,20710,1,2,1,4,1,3,1,105
20721,20722,1,2,2,3,1,3,1,113
20733,20734,1,2,1,3,1,3,1,103
20738,20739,1,2,2,2,1,3,1,113
20741,20742,1,2,1,4,1,3,1,105
20749,20750,1,2,1,3,1,3,0,103
20751,20752,1,2,2,3,1,3,1,113
20753,20754,1,3,1,3,1,3,1,103
20756,20757,1,2,1,4,1,3,1,105
20757,20758,1,2,2,2,1,3,1,113
20761,20762,1,2,2,2,1,3,1,113
20764,20765,1,2,1,4,1,3,1,105
20765,20766,1,2,1,3,1,3,0,103
20768,20769,1,3,1,3,1,3,0,103
20771,20772,1,2,2,4,1,3,0,113
20788,20789,1,2,2,4,1,3,1,113
20793,20794,1,2,2,2,1,3,0,113
20807,20808,1,2,2,4,1,3,1,113
20825,20826,1,2,1,2,1,3,0,102
20828,20829,1,3,1,4,1,3,1,106
20831,20832,1,3,1,3,1,3,0,103
20833,20834,1,2,1,4,1,3,1,105
20839,20840,1,2,1,3,1,3,1,103
20849,20850,1,2,2,2,1,3,0,113
20854,20855,1,2,1,2,1,3,1,102
20855,20856,1,2,1,2,1,3,1,102
20896,20897,1,2,2,1,1,3,0,110
20899,20900,1,2,2,1,1,3,0,110
20913,20914,1,2,2,1,1,3,1,110
20924,20925,1,2,1,4,1,3,0,105
20930,20931,1,2,2,2,1,3,1,113
20936,20937,1,2,2,2,1,3,1,113
20939,20940,1,3,1,3,1,3,0,103
20949,20950,1,2,2,2,1,3,0,113
20977,20978,1,2,2,4,1,3,1,113
20978,20979,1,2,1,3,1,3,0,103
20986,20987,1,2,1,4,1,3,1,105
20995,20996,1,2,1,4,1,3,1,105
20999,21000,1,3,1,3,1,3,0,103
21004,21005,1,2,2,2,1,3,1,113
21015,21016,1,2,2,2,1,3,1,113
21029,21030,1,3,1,2,1,3,1,102
21033,21034,1,2,1,3,1,3,1,103
21037,21038,1,3,1,3,1,3,0,103
21043,21044,1,2,2,3,1,3,0,113
21052,21053,1,2,1,3,1,3,1,103
21072,21073,1,2,1,4,1,3,0,105
21103,21104,1,2,1,4,1,3,0,105
21106,21107,1,3,1,4,1,3,0,106
21125,21126,1,2,3,3,1,3,0,113
21143,21144,1,2,1,3,1,3,1,103
21146,21147,1,2,2,2,1,3,1,113
21171,21172,1,2,2,4,1,3,0,113
21178,21179,1,2,3,4,1,3,1,113
21181,21182,1,2,2,3,1,3,1,113
21185,21186,1,3,1,2,1,3,0,102
21195,21196,1,2,1,3,1,3,1,103
21241,21242,1,3,1,4,1,3,1,106
21264,21265,1,2,1,4,1,3,1,105
21265,21266,1,2,1,4,1,3,0,105
21272,21273,1,2,1,5,1,3,0,105
21276,21277,1,2,1,5,1,3,0,105
21284,21285,1,3,1,5,1,3,0,106
21285,21286,1,3,1,5,1,3,0,106
21288,21289,1,3,1,5,1,3,1,106
21301,21302,1,2,1,5,1,3,1,105
21302,21303,1,2,1,5,1,3,0,105
21307,21308,1,2,2,5,1,3,1,113
21328,21329,1,3,1,5,1,3,0,106
21330,21331,1,2,1,5,1,3,1,105
21355,21356,1,3,1,5,1,3,0,106
21362,21363,1,2,2,5,1,3,0,113
21403,21404,2,2,1,3,1,3,0,103
21408,21409,2,3,1,2,1,3,0,102
21418,21419,2,2,1,1,1,3,1,102
21434,21435,2,3,1,1,1,3,0,102
21470,21471,2,2,2,1,1,3,1,111
21480,21481,2,2,1,1,1,3,1,102
21485,21486,2,2,1,1,1,3,1,102
21494,21495,2,2,2,1,1,3,1,111
21507,21508,2,2,2,1,1,3,1,111
21508,21509,2,2,2,1,1,3,1,111
21509,21510,2,2,1,1,1,3,1,102
21511,21512,2,2,2,1,1,3,1,111
21523,21524,2,2,2,1,1,3,1,111
21538,21539,2,2,2,1,1,3,0,111
21542,21543,2,2,2,1,1,3,0,111
21547,21548,2,2,2,1,1,3,0,111
21554,21555,2,2,2,1,1,3,0,111
21555,21556,2,2,2,1,1,3,1,111
21561,21562,2,2,1,1,1,3,0,102
21573,21574,2,2,1,1,1,3,1,102
21576,21577,2,2,2,1,1,3,0,111
21580,21581,2,3,1,1,1,3,1,102
21605,21606,2,2,2,1,1,3,0,111
21625,21626,2,2,2,1,1,3,0,111
21635,21636,2,2,2,1,1,3,1,111
21646,21647,2,2,1,1,1,3,1,102
21647,21648,2,2,2,1,1,3,1,111
21650,21651,2,2,1,1,1,3,0,102
21651,21652,2,2,2,1,1,3,1,111
21660,21661,2,2,2,1,1,3,0,111
21667,21668,2,2,2,1,1,3,1,111
21672,21673,2,2,2,1,1,3,1,111
21699,21700,2,2,2,1,1,3,0,111
21701,21702,2,2,2,1,1,3,1,111
21714,21715,2,2,2,1,1,3,0,111
21729,21730,2,2,1,1,1,3,0,102
21741,21742,2,2,2,1,1,3,0,111
21742,21743,2,2,1,1,1,3,1,102
21749,21750,2,2,2,1,1,3,0,111
21751,21752,2,2,2,1,1,3,0,111
21792,21793,2,2,2,1,1,3,0,111
21808,21809,2,2,1,1,1,3,0,102
21835,21836,2,2,1,1,1,3,1,102
21843,21844,2,2,1,1,1,3,1,102
21865,21866,2,2,2,1,1,3,0,111
21874,21875,2,2,2,1,1,3,0,111
21909,21910,2,2,2,1,1,3,0,111
21912,21913,2,2,2,1,1,3,0,111
21918,21919,2,2,1,1,1,3,0,102
21919,21920,2,2,1,1,1,3,1,102
21925,21926,2,2,2,1,1,3,0,111
21950,21951,2,3,1,2,1,3,1,102
21972,21973,2,2,2,1,1,3,1,111
22012,22013,2,2,2,1,1,3,0,111
22124,22125,2,2,2,1,1,3,1,111
22173,22174,2,2,1,1,1,3,1,102
22174,22175,2,3,1,2,1,3,0,102
22182,22183,2,2,1,2,1,3,0,102
22183,22184,2,3,1,2,1,3,0,102
22192,22193,2,2,1,2,1,3,1,102
22203,22204,2,2,1,1,1,3,0,102
22213,22214,2,2,1,1,1,3,0,102
22240,22241,2,3,1,2,1,3,0,102
22249,22250,2,2,1,1,1,3,1,102
22279,22280,2,2,1,2,1,3,1,102
22286,22287,2,2,1,2,1,3,1,102
22290,22291,2,2,1,2,1,3,1,102
22309,22310,2,2,2,1,1,3,0,111
22414,22415,2,2,1,3,1,3,1,103
22447,22448,2,2,1,3,1,3,0,103
22464,22465,2,2,1,3,1,3,1,103
22466,22467,2,2,1,3,1,3,1,103
22469,22470,2,3,1,4,1,3,1,106
22470,22471,2,3,1,4,1,3,1,106
22491,22492,2,2,1,2,1,3,1,102
22492,22493,2,3,1,3,1,3,0,103
22494,22495,2,3,1,4,1,3,1,106
22496,22497,2,3,1,2,1,3,1,102
22506,22507,2,2,1,3,1,3,1,103
22535,22536,2,2,1,3,1,3,0,103
22537,22538,2,2,1,3,1,3,1,103
22637,22638,2,3,1,4,1,3,0,106
22642,22643,2,3,1,3,1,3,0,103
22646,22647,2,3,1,3,1,3,1,103
22681,22682,2,2,1,3,1,3,0,103
22741,22742,2,2,1,3,1,3,0,103
22768,22769,2,3,1,4,1,3,1,106
22773,22774,2,2,1,4,1,3,1,105
22780,22781,2,3,1,4,1,3,0,106
22830,22831,2,2,1,3,1,3,1,103
22836,22837,2,2,1,2,1,3,1,102
22843,22844,2,2,1,2,1,3,1,102
22876,22877,2,3,1,2,1,3,0,102
22901,22902,2,2,1,4,1,3,0,105
22924,22925,2,2,1,3,1,3,0,103
22926,22927,2,2,1,4,1,3,0,105
22978,22979,2,2,1,3,1,3,1,103
23008,23009,2,3,1,2,1,3,1,102
23011,23012,2,2,1,4,1,3,0,105
23061,23062,2,3,1,2,1,3,1,102
23093,23094,2,2,1,4,1,3,1,105
23121,23122,2,2,1,4,1,3,0,105
23137,23138,2,2,1,2,1,3,1,102
23160,23161,2,2,1,2,1,3,0,102
23165,23166,2,3,1,2,1,3,1,102
23168,23169,2,2,1,2,1,3,0,102
23238,23239,2,2,1,3,1,3,0,103
23247,23248,2,2,1,2,1,3,0,102
23251,23252,2,2,1,4,1,3,0,105
23303,23304,2,2,2,1,1,3,0,111
23310,23311,2,2,1,4,1,3,1,105
23357,23358,2,3,1,2,1,3,1,102
23366,23367,2,2,1,3,1,3,0,103
23395,23396,2,2,1,3,1,3,0,103
23426,23427,2,2,1,2,1,3,0,102
23446,23447,2,2,1,3,1,3,1,103
23464,23465,2,2,1,2,1,3,1,102
23465,23466,2,2,1,2,1,3,1,102
23468,23469,2,2,1,3,1,3,1,103
23469,23470,2,3,1,2,1,3,0,102
23525,23526,2,2,1,2,1,3,1,102
23549,23550,2,2,1,3,1,3,0,103
23617,23618,2,2,1,3,1,3,1,103
23618,23619,2,3,1,4,1,3,1,106
23649,23650,2,3,1,4,1,3,0,106
23662,23663,2,3,1,4,1,3,1,106
23677,23678,2,3,1,4,1,3,0,106
23687,23688,2,2,1,4,1,3,1,105
23689,23690,2,3,1,5,1,3,0,106
23691,23692,2,2,1,5,1,3,1,105
23699,23700,2,3,1,5,1,3,0,106
23704,23705,2,3,1,5,1,3,1,106
23723,23724,2,3,1,5,1,3,1,106
23729,23730,2,3,1,5,1,3,0,106
23744,23745,2,2,1,5,1,3,0,105
23777,23778,2,3,1,4,1,3,1,106
23788,23789,2,3,1,5,1,3,0,106
23789,23790,2,3,1,5,1,3,0,106
23791,23792,2,2,1,5,1,3,1,105
23792,23793,2,2,1,5,1,3,0,105
23793,23794,2,2,1,4,1,3,0,105
23802,23803,2,3,1,5,1,3,1,106
23816,23817,2,3,1,5,1,3,0,106
23824,23825,2,3,1,5,1,3,0,106
23849,23850,2,2,1,5,1,3,0,105
23854,23855,1,2,1,3,1,3,0,103
23857,23858,1,2,2,4,1,3,0,113
23863,23864,1,2,2,2,1,3,1,113
23889,23890,1,2,2,1,1,3,0,110
23898,23899,1,2,1,1,1,3,1,102
23899,23900,1,2,2,1,1,3,1,110
23904,23905,1,2,2,1,1,3,1,110
23918,23919,1,2,2,1,1,3,1,110
23933,23934,1,2,2,1,1,3,0,110
23938,23939,1,2,2,1,1,3,1,110
23945,23946,1,2,2,1,1,3,0,110
23950,23951,1,2,1,1,1,3,0,102
23952,23953,1,2,2,1,1,3,1,110
23955,23956,1,2,2,1,1,3,0,110
23960,23961,1,2,2,1,1,3,0,110
23961,23962,1,2,2,1,1,3,1,110
23963,23964,1,2,2,1,1,3,1,110
23966,23967,1,2,2,1,1,3,1,110
23974,23975,1,2,2,1,1,3,0,110
23979,23980,1,2,2,1,1,3,1,110
23980,23981,1,2,2,1,1,3,0,110
23985,23986,1,2,2,3,1,3,1,113
23993,23994,1,2,2,1,1,3,0,110
23996,23997,1,2,1,1,1,3,0,102
24001,24002,1,2,2,1,1,3,1,110
24011,24012,1,2,2,1,1,3,1,110
24025,24026,1,2,1,1,1,3,1,102
24032,24033,1,2,2,1,1,3,1,110
24044,24045,1,2,2,1,1,3,0,110
24047,24048,1,2,2,1,1,3,0,110
24056,24057,1,2,2,1,1,3,1,110
24062,24063,1,2,2,1,1,3,0,110
24069,24070,1,2,2,1,1,3,0,110
24070,24071,1,2,2,1,1,3,0,110
24089,24090,1,2,2,2,1,3,0,113
24102,24103,1,2,1,2,1,3,1,102
24105,24106,1,2,2,1,1,3,0,110
24108,24109,1,2,2,1,1,3,0,110
24132,24133,1,2,2,2,1,3,1,113
24147,24148,1,2,2,2,1,3,1,113
24149,24150,1,2,2,1,1,3,0,110
24167,24168,1,2,2,1,1,3,1,110
24170,24171,1,2,1,2,1,3,1,102
24180,24181,1,2,1,2,1,3,0,102
24192,24193,1,2,1,2,1,3,1,102
24196,24197,1,2,1,2,1,3,0,102
24197,24198,1,2,2,2,1,3,1,113
24267,24268,1,2,2,1,1,3,1,110
24270,24271,1,2,2,1,1,3,0,110
24303,24304,1,2,1,2,1,3,1,102
24319,24320,1,2,1,3,1,3,1,103
24334,24335,1,2,1,3,1,3,1,103
24335,24336,1,2,3,3,1,3,0,113
24342,24343,1,2,1,3,1,3,1,103
24349,24350,1,2,2,2,1,3,0,113
24362,24363,1,2,3,3,1,3,0,113
24382,24383,1,2,2,2,1,3,1,113
24392,24393,1,4,1,3,1,3,1,103
24394,24395,1,2,1,4,1,3,1,105
24397,24398,1,3,1,3,1,3,1,103
24412,24413,1,2,1,3,1,3,1,103
24434,24435,1,3,1,3,1,3,1,103
24458,24459,1,2,1,4,1,3,1,105
24465,24466,1,2,2,2,1,3,1,113
24479,24480,1,3,1,4,1,3,0,106
24487,24488,1,2,1,2,1,3,1,102
24516,24517,1,2,1,4,1,3,0,105
24537,24538,1,2,1,3,1,3,0,103
24543,24544,1,2,1,2,1,3,0,102
24573,24574,1,2,1,2,1,3,1,102
24596,24597,1,2,1,4,1,3,1,105
24598,24599,1,2,1,4,1,3,1,105
24612,24613,1,3,1,3,1,3,0,103
24618,24619,1,2,1,3,1,3,0,103
24626,24627,1,2,2,3,1,3,1,113
24646,24647,1,2,1,2,1,3,1,102
24647,24648,1,2,2,2,1,3,0,113
24714,24715,1,2,2,4,1,3,0,113
24716,24717,1,2,1,4,1,3,1,105
24738,24739,1,2,1,4,1,3,0,105
24743,24744,1,2,1,3,1,3,0,103
24749,24750,1,2,2,4,1,3,0,113
24750,24751,1,3,1,3,1,3,1,103
24752,24753,1,2,2,3,1,3,1,113
24760,24761,1,2,2,2,1,3,1,113
24764,24765,1,2,2,2,1,3,0,113
24765,24766,1,2,1,4,1,3,1,105
24809,24810,1,2,1,2,1,3,1,102
24852,24853,1,2,1,3,1,3,0,103
24873,24874,1,2,1,3,1,3,1,103
24906,24907,1,2,2,2,1,3,0,113
24926,24927,1,2,2,4,1,3,1,113
24933,24934,1,2,1,3,1,3,0,103
24940,24941,1,2,1,3,1,3,0,103
24952,24953,1,2,2,2,1,3,1,113
24953,24954,1,2,2,2,1,3,1,113
24956,24957,1,2,2,2,1,3,0,113
24965,24966,1,2,2,3,1,3,0,113
24994,24995,1,2,2,4,1,3,1,113
24996,24997,1,2,1,4,1,3,1,105
24998,24999,1,3,1,2,1,3,0,102
24999,25000,1,2,2,3,1,3,1,113
25002,25003,1,2,1,3,1,3,0,103
25004,25005,1,3,1,4,1,3,0,106
25008,25009,1,3,1,4,1,3,0,106
25026,25027,1,2,2,4,1,3,0,113
25033,25034,1,2,1,5,1,3,1,105
25042,25043,1,2,2,5,1,3,0,113
25054,25055,1,2,2,4,1,3,1,113
25102,25103,1,2,1,5,1,3,1,105
25107,25108,1,2,1,4,1,3,0,105
25109,25110,1,3,1,4,1,3,1,106
25113,25114,1,2,1,5,1,3,0,105
25143,25144,1,3,1,5,1,3,1,106
25152,25153,2,3,1,1,1,3,0,102
25153,25154,2,2,1,1,1,3,1,102
25154,25155,2,2,2,1,1,3,1,111
25155,25156,2,2,1,1,1,3,0,102
25158,25159,2,2,2,1,1,3,1,111
25173,25174,2,2,1,1,1,3,0,102
25176,25177,2,2,2,1,1,3,0,111
25177,25178,2,3,1,1,1,3,0,102
25181,25182,2,2,2,1,1,3,0,111
25184,25185,2,2,2,1,1,3,0,111
25185,25186,2,2,2,1,1,3,0,111
25189,25190,2,2,2,1,1,3,0,111
25190,25191,2,2,2,1,1,3,1,111
25194,25195,2,2,2,1,1,3,0,111
25196,25197,2,2,2,1,1,3,1,111
25198,25199,2,2,1,1,1,3,0,102
25199,25200,2,2,2,1,1,3,0,111
25200,25201,2,2,2,1,1,3,0,111
25201,25202,2,2,2,1,1,3,1,111
25207,25208,2,2,2,1,1,3,0,111
25208,25209,2,2,2,1,1,3,0,111
25212,25213,2,2,2,1,1,3,0,111
25217,25218,2,2,2,1,1,3,0,111
25233,25234,2,2,2,1,1,3,1,111
25239,25240,2,2,2,1,1,3,0,111
25256,25257,2,2,2,1,1,3,0,111
25257,25258,2,3,1,1,1,3,1,102
25259,25260,2,2,2,1,1,3,1,111
25263,25264,2,2,2,1,1,3,0,111
25275,25276,2,2,2,1,1,3,1,111
25292,25293,2,2,2,1,1,3,1,111
25299,25300,2,2,2,1,1,3,0,111
25307,25308,2,2,2,1,1,3,1,111
25339,25340,2,2,2,1,1,3,0,111
25341,25342,2,2,2,1,1,3,0,111
25373,25374,2,2,1,1,1,3,1,102
25402,25403,2,2,1,1,1,3,1,102
25413,25414,2,2,1,1,1,3,1,102
25420,25421,2,2,2,1,1,3,1,111
25449,25450,2,3,1,1,1,3,0,102
25463,25464,2,2,2,1,1,3,0,111
25472,25473,2,2,2,1,1,3,1,111
25498,25499,2,2,2,1,1,3,0,111
25524,25525,2,2,1,2,1,3,0,102
25536,25537,2,3,1,2,1,3,0,102
25577,25578,2,3,1,3,1,3,0,103
25604,25605,2,3,1,3,1,3,1,103
25619,25620,2,2,1,3,1,3,1,103
25652,25653,2,2,1,4,1,3,1,105
25665,25666,2,2,2,1,1,3,0,111
25674,25675,2,2,1,3,1,3,0,103
25678,25679,2,3,1,4,1,3,1,106
25699,25700,2,3,1,4,1,3,0,106
25709,25710,2,2,1,4,1,3,0,105
25741,25742,2,2,1,3,1,3,1,103
25750,25751,2,2,1,3,1,3,1,103
25844,25845,2,2,1,4,1,3,1,105
25859,25860,2,2,1,4,1,3,0,105
25871,25872,2,2,1,3,1,3,0,103
25884,25885,2,3,1,3,1,3,1,103
25899,25900,2,3,1,2,1,3,0,102
25912,25913,2,3,1,4,1,3,0,106
25933,25934,2,2,1,4,1,3,1,105
25960,25961,2,3,1,4,1,3,1,106
25999,26000,2,2,1,2,1,3,0,102
26000,26001,2,2,1,3,1,3,0,103
26043,26044,2,3,1,3,1,3,1,103
26101,26102,2,3,1,4,1,3,0,106
26105,26106,2,2,1,3,1,3,0,103
26116,26117,2,2,1,3,1,3,0,103
26167,26168,2,2,1,2,1,3,1,102
26205,26206,2,2,1,1,1,3,0,102
26218,26219,2,2,1,3,1,3,1,103
26234,26235,2,3,1,2,1,3,1,102
26265,26266,2,2,1,4,1,3,0,105
26314,26315,2,2,1,2,1,3,1,102
26365,26366,2,3,1,2,1,3,0,102
26419,26420,2,2,1,4,1,3,0,105
26446,26447,2,2,1,4,1,3,1,105
26453,26454,2,3,1,4,1,3,1,106
26456,26457,2,3,1,4,1,3,1,106
26457,26458,2,3,1,4,1,3,0,106
26459,26460,2,2,1,4,1,3,1,105
26460,26461,2,2,1,4,1,3,0,105
26469,26470,2,3,1,5,1,3,0,106
26472,26473,2,3,1,4,1,3,1,106
26479,26480,2,2,1,5,1,3,1,105
26480,26481,2,2,1,5,1,3,0,105
26486,26487,2,3,1,5,1,3,1,106
26500,26501,2,3,1,5,1,3,1,106
26530,26531,2,3,1,5,1,3,1,106
26531,26532,2,4,1,5,1,3,0,106
26535,26536,2,2,1,5,1,3,1,105
26536,26537,2,3,1,5,1,3,0,106
26550,26551,2,3,1,5,1,3,1,106
26556,26557,2,3,1,5,1,3,1,106
26566,26567,2,3,1,5,1,3,0,106
26584,26585,1,2,2,1,1,3,1,110
26588,26589,2,3,1,5,1,3,1,106
26601,26602,1,2,2,1,1,3,0,110
26609,26610,1,2,2,1,1,3,1,110
26614,26615,1,2,2,1,1,3,0,110
26616,26617,1,2,2,1,1,3,0,110
26619,26620,1,2,2,1,1,3,1,110
26620,26621,1,2,2,1,1,3,1,110
26622,26623,1,2,2,1,1,3,0,110
26623,26624,1,2,2,1,1,3,0,110
26624,26625,1,2,2,1,1,3,1,110
26626,26627,1,2,2,1,1,3,1,110
26627,26628,1,2,2,1,1,3,1,110
26649,26650,1,2,2,1,1,3,0,110
26651,26652,1,2,2,1,1,3,1,110
26656,26657,1,2,2,1,1,3,1,110
26658,26659,1,2,2,1,1,3,1,110
26663,26664,1,2,2,1,1,3,1,110
26684,26685,1,2,2,1,1,3,0,110
26685,26686,1,2,2,1,1,3,1,110
26691,26692,1,2,2,1,1,3,0,110
26695,26696,1,2,1,2,1,3,0,102
26699,26700,1,2,2,1,1,3,1,110
26715,26716,1,2,2,1,1,3,1,110
26719,26720,1,2,2,1,1,3,1,110
26736,26737,1,2,2,1,1,3,1,110
26749,26750,1,2,2,1,1,3,1,110
26758,26759,1,2,2,1,1,3,0,110
26773,26774,1,2,2,1,1,3,1,110
26815,26816,1,2,1,2,1,3,0,102
26847,26848,1,2,2,3,1,3,0,113
26848,26849,1,3,1,4,1,3,0,106
26858,26859,1,2,1,2,1,3,1,102
26863,26864,1,3,1,4,1,3,0,106
26892,26893,1,2,2,3,1,3,0,113
26896,26897,1,3,1,2,1,3,1,102
26902,26903,1,2,2,2,1,3,0,113
26922,26923,1,2,1,4,1,3,0,105
26942,26943,1,2,2,2,1,3,1,113
26951,26952,1,2,1,3,1,3,0,103
26970,26971,1,2,1,2,1,3,1,102
26991,26992,1,2,2,2,1,3,0,113
27002,27003,1,2,1,3,1,3,0,103
27006,27007,1,2,1,2,1,3,0,102
27013,27014,1,2,1,4,1,3,1,105
27028,27029,1,2,1,2,1,3,1,102
27053,27054,1,3,1,2,1,3,1,102
27082,27083,1,2,1,3,1,3,1,103
27087,27088,1,3,1,3,1,3,0,103
27088,27089,1,2,1,4,1,3,1,105
27105,27106,1,2,1,4,1,3,1,105
27111,27112,1,3,1,4,1,3,1,106
27113,27114,1,2,2,2,1,3,0,113
27136,27137,1,3,1,2,1,3,1,102
27156,27157,1,2,2,2,1,3,1,113
27158,27159,1,2,1,4,1,3,1,105
27160,27161,1,3,1,3,1,3,1,103
27162,27163,1,2,2,2,1,3,0,113
27167,27168,1,2,1,2,1,3,1,102
27184,27185,1,2,2,1,1,3,1,110
27198,27199,1,2,1,2,1,3,1,102
27209,27210,1,2,1,3,1,3,1,103
27228,27229,1,2,1,3,1,3,1,103
27242,27243,1,2,2,2,1,3,1,113
27249,27250,1,2,2,2,1,3,0,113
27262,27263,1,2,1,3,1,3,1,103
27277,27278,1,2,2,4,1,3,0,113
27315,27316,1,2,2,3,1,3,0,113
27329,27330,1,3,1,3,1,3,0,103
27368,27369,1,2,2,2,1,3,0,113
27393,27394,1,2,1,4,1,3,1,105
27426,27427,1,2,1,4,1,3,0,105
27453,27454,1,2,1,4,1,3,1,105
27470,27471,1,2,1,4,1,3,1,105
27472,27473,1,2,1,4,1,3,0,105
27486,27487,1,2,1,5,1,3,1,105
27499,27500,1,2,1,5,1,3,1,105
27500,27501,1,2,1,5,1,3,0,105
27516,27517,1,2,1,5,1,3,0,105
27537,27538,1,2,3,5,1,3,0,113
27539,27540,1,3,1,5,1,3,1,106
27543,27544,1,3,1,5,1,3,1,106
27549,27550,1,3,1,5,1,3,1,106
27550,27551,1,2,2,5,1,3,1,113
27554,27555,1,2,1,5,1,3,1,105
27564,27565,1,4,1,5,1,3,1,106
27571,27572,1,2,1,5,1,3,0,105
27574,27575,1,3,1,5,1,3,0,106
27577,27578,1,3,1,4,1,3,1,106
27578,27579,1,2,2,5,1,3,0,113
27585,27586,1,3,1,5,1,3,1,106
27592,27593,2,2,1,2,1,3,1,102
27595,27596,2,2,1,3,1,3,1,103
27604,27605,2,2,2,1,1,3,0,111
27606,27607,2,2,1,1,1,3,1,102
27619,27620,2,2,2,1,1,3,1,111
27620,27621,2,2,2,1,1,3,0,111
27621,27622,2,2,2,1,1,3,0,111
27625,27626,2,2,2,1,1,3,0,111
27627,27628,2,2,1,1,1,3,1,102
27630,27631,2,2,2,1,1,3,1,111
27631,27632,2,2,1,1,1,3,1,102
27633,27634,2,2,2,1,1,3,0,111
27635,27636,2,2,1,1,1,3,1,102
27638,27639,2,2,2,1,1,3,0,111
27641,27642,2,2,2,1,1,3,0,111
27643,27644,2,2,2,1,1,3,1,111
27650,27651,2,3,1,5,1,3,0,106
27653,27654,2,2,2,1,1,3,1,111
27656,27657,2,2,2,1,1,3,1,111
27663,27664,2,2,2,1,1,3,1,111
27664,27665,2,3,1,1,1,3,1,102
27669,27670,2,2,2,1,1,3,0,111
27681,27682,2,2,1,1,1,3,0,102
27683,27684,2,2,2,1,1,3,1,111
27687,27688,2,2,1,1,1,3,1,102
27706,27707,2,2,2,1,1,3,1,111
27708,27709,2,2,2,1,1,3,1,111
27709,27710,2,2,2,1,1,3,0,111
27716,27717,2,3,1,1,1,3,0,102
27727,27728,2,2,1,1,1,3,1,102
27730,27731,2,2,2,1,1,3,1,111
27739,27740,2,2,2,1,1,3,1,111
27747,27748,2,3,1,1,1,3,1,102
27755,27756,2,2,2,1,1,3,0,111
27756,27757,2,2,1,1,1,3,0,102
27757,27758,2,2,2,1,1,3,1,111
27773,27774,2,2,1,1,1,3,1,102
27790,27791,2,2,2,1,1,3,1,111
27819,27820,2,2,2,1,1,3,0,111
27847,27848,2,2,2,1,1,3,0,111
27857,27858,2,2,2,1,1,3,1,111
27885,27886,2,3,1,1,1,3,1,102
28000,28001,2,2,1,2,1,3,1,102
28030,28031,2,3,1,2,1,3,1,102
28051,28052,2,2,1,2,1,3,0,102
28054,28055,2,2,1,2,1,3,1,102
28059,28060,2,3,1,2,1,3,1,102
28060,28061,2,2,1,4,1,3,0,105
28063,28064,2,3,1,4,1,3,0,106
28078,28079,2,2,1,3,1,3,1,103
28081,28082,2,3,1,4,1,3,1,106
28096,28097,2,2,1,3,1,3,1,103
28109,28110,2,2,1,3,1,3,1,103
28175,28176,2,2,1,2,1,3,1,102
28205,28206,2,3,1,3,1,3,1,103
28220,28221,2,2,1,2,1,3,1,102
28239,28240,2,3,1,2,1,3,1,102
28253,28254,2,2,1,3,1,3,0,103
28254,28255,2,3,1,3,1,3,0,103
28261,28262,2,2,1,3,1,3,1,103
28263,28264,2,2,1,4,1,3,0,105
28269,28270,2,2,1,4,1,3,1,105
28297,28298,2,2,1,2,1,3,1,102
28299,28300,2,2,1,4,1,3,0,105
28303,28304,2,2,1,3,1,3,0,103
28316,28317,2,2,2,1,1,3,0,111
28338,28339,2,3,1,3,1,3,0,103
28344,28345,2,3,1,3,1,3,0,103
28346,28347,2,3,1,3,1,3,0,103
28364,28365,2,2,1,2,1,3,1,102
28373,28374,2,2,1,3,1,3,0,103
28374,28375,2,2,1,3,1,3,1,103
28379,28380,2,2,1,2,1,3,0,102
28395,28396,2,3,1,4,1,3,0,106
28397,28398,2,3,1,2,1,3,0,102
28449,28450,2,3,1,2,1,3,0,102
28452,28453,2,2,1,3,1,3,0,103
28472,28473,2,3,1,3,1,3,0,103
28488,28489,2,2,1,3,1,3,1,103
28491,28492,2,3,1,3,1,3,0,103
28492,28493,2,3,1,4,1,3,1,106
28501,28502,2,2,1,3,1,3,0,103
28518,28519,2,3,1,2,1,3,0,102
28519,28520,2,2,2,1,1,3,0,111
28521,28522,2,3,1,3,1,3,1,103
28529,28530,2,3,1,3,1,3,1,103
28532,28533,2,3,1,4,1,3,1,106
28590,28591,2,3,1,2,1,3,1,102
28592,28593,2,2,1,3,1,3,0,103
28597,28598,2,3,1,4,1,3,1,106
28610,28611,2,3,1,2,1,3,0,102
28633,28634,2,2,1,2,1,3,1,102
28646,28647,2,2,1,3,1,3,1,103
28650,28651,2,3,1,4,1,3,0,106
28655,28656,2,3,1,4,1,3,1,106
28672,28673,2,2,2,1,1,3,0,111
28690,28691,2,2,1,2,1,3,0,102
28710,28711,2,2,1,3,1,3,0,103
28747,28748,2,2,1,2,1,3,0,102
28800,28801,2,2,1,4,1,3,1,105
28882,28883,2,4,1,3,1,3,1,103
28892,28893,2,2,1,3,1,3,1,103
28893,28894,2,2,1,3,1,3,0,103
28899,28900,2,2,1,4,1,3,1,105
28902,28903,2,2,1,3,1,3,0,103
28915,28916,2,2,1,2,1,3,0,102
29032,29033,2,2,1,4,1,3,0,105
29035,29036,2,3,1,4,1,3,1,106
29054,29055,2,2,1,5,1,3,1,105
29056,29057,2,3,1,5,1,3,0,106
29091,29092,2,2,1,5,1,3,1,105
29099,29100,2,2,1,4,1,3,0,105
29113,29114,2,2,1,5,1,3,1,105
29115,29116,2,2,1,5,1,3,1,105
29126,29127,2,3,1,5,1,3,1,106
29144,29145,2,2,1,5,1,3,0,105
29149,29150,2,3,1,5,1,3,0,106
29151,29152,2,3,1,5,1,3,1,106
29155,29156,2,2,1,5,1,3,1,105
29156,29157,2,3,1,5,1,3,0,106
29186,29187,1,2,2,3,1,3,0,113
29193,29194,1,3,1,2,1,3,1,102
29195,29196,1,2,2,1,1,3,0,110
29197,29198,1,2,2,1,1,3,0,110
29199,29200,1,2,2,1,1,3,0,110
29201,29202,1,2,2,1,1,3,1,110
29213,29214,1,2,2,1,1,3,1,110
29218,29219,1,2,2,1,1,3,0,110
29223,29224,1,2,2,1,1,3,0,110
29229,29230,1,2,2,1,1,3,0,110
29233,29234,1,2,2,1,1,3,1,110
29235,29236,1,2,2,1,1,3,0,110
29239,29240,1,2,2,1,1,3,0,110
29242,29243,1,2,2,1,1,3,1,110
29248,29249,1,2,2,1,1,3,1,110
29251,29252,1,2,2,1,1,3,0,110
29254,29255,1,2,1,1,1,3,1,102
29255,29256,1,2,1,1,1,3,1,102
29260,29261,1,2,2,1,1,3,0,110
29261,29262,1,2,2,1,1,3,1,110
29275,29276,1,2,1,1,1,3,0,102
29292,29293,1,2,2,1,1,3,1,110
29294,29295,1,2,2,1,1,3,0,110
29338,29339,1,2,2,1,1,3,1,110
29345,29346,1,2,2,1,1,3,1,110
29354,29355,1,2,2,2,1,3,1,113
29366,29367,1,2,2,1,1,3,1,110
29381,29382,1,2,1,2,1,3,0,102
29389,29390,1,2,2,2,1,3,0,113
29407,29408,1,2,2,2,1,3,0,113
29411,29412,1,3,1,2,1,3,0,102
29452,29453,1,2,2,2,1,3,1,113
29505,29506,1,2,1,3,1,3,0,103
29516,29517,1,2,1,2,1,3,1,102
29522,29523,1,2,2,2,1,3,0,113
29537,29538,1,2,1,4,1,3,1,105
29545,29546,1,3,1,2,1,3,1,102
29554,29555,1,2,1,2,1,3,1,102
29557,29558,1,3,1,4,1,3,1,106
29575,29576,1,2,2,3,1,3,1,113
29579,29580,1,2,2,3,1,3,1,113
29585,29586,1,2,2,3,1,3,1,113
29598,29599,1,2,1,3,1,3,1,103
29603,29604,1,2,2,3,1,3,0,113
29604,29605,1,3,1,3,1,3,0,103
29608,29609,1,2,1,3,1,3,1,103
29612,29613,1,2,3,4,1,3,1,113
29630,29631,1,2,2,2,1,3,0,113
29651,29652,1,3,1,3,1,3,1,103
29654,29655,1,2,1,4,1,3,1,105
29682,29683,1,2,1,2,1,3,0,102
29685,29686,1,3,1,2,1,3,1,102
29699,29700,1,2,2,2,1,3,0,113
29700,29701,1,2,1,2,1,3,1,102
29707,29708,1,3,1,3,1,3,0,103
29708,29709,1,2,1,4,1,3,0,105
29714,29715,1,2,2,3,1,3,0,113
29715,29716,1,2,2,3,1,3,1,113
29719,29720,1,3,1,2,1,3,0,102
29726,29727,1,2,1,3,1,3,1,103
29744,29745,1,2,2,3,1,3,1,113
29763,29764,1,2,1,2,1,3,0,102
29779,29780,1,2,1,2,1,3,0,102
29793,29794,1,2,2,4,1,3,1,113
29799,29800,1,2,2,2,1,3,1,113
29816,29817,1,2,2,3,1,3,0,113
29818,29819,1,2,2,4,1,3,0,113
29833,29834,1,2,2,2,1,3,1,113
29845,29846,1,2,1,3,1,3,1,103
29849,29850,1,2,2,3,1,3,0,113
29853,29854,1,2,2,3,1,3,1,113
29862,29863,1,2,1,3,1,3,1,103
29869,29870,1,2,2,2,1,3,0,113
29885,29886,1,3,1,3,1,3,1,103
29896,29897,1,3,1,4,1,3,1,106
29900,29901,1,2,2,2,1,3,1,113
29905,29906,1,3,1,2,1,3,1,102
29919,29920,1,3,1,3,1,3,1,103
29920,29921,1,4,1,4,1,3,1,106
29935,29936,1,2,1,4,1,3,1,105
29941,29942,1,2,2,4,1,3,0,113
29962,29963,1,2,2,2,1,3,0,113
29968,29969,1,2,2,2,1,3,0,113
29974,29975,1,2,1,3,1,3,1,103
29976,29977,1,2,2,4,1,3,1,113
29981,29982,1,2,1,4,1,3,0,105
29998,29999,1,3,1,3,1,3,1,103
29999,30000,1,2,1,4,1,3,1,105
